yyyy.MM.dd_HH:mm:ss;value;profitP;profit;purchase
2026.03.27 13:00:00;76770,2;4,92;3599,0;73171,1
2026.03.27 13:00:34;76769,9;4,92;3598,8;73171,1
2026.03.27 13:07:33;76826,4;5,00;3655,2;73171,1
2026.03.27 13:14:33;76803,5;4,96;3632,3;73171,1
2026.03.27 13:21:34;76761,3;4,91;3590,1;73171,1
2026.03.27 13:28:33;76783,9;4,94;3612,8;73171,1
2026.03.27 13:35:33;76815,9;4,98;3644,8;73171,1
2026.03.27 13:42:33;76809,4;4,97;3638,3;73171,1
2026.03.27 13:49:34;76816,1;4,98;3645,0;73171,1
2026.03.27 13:56:33;76829,4;5,00;3658,2;73171,1
2026.03.27 14:03:33;76838,8;5,01;3667,6;73171,1
2026.03.27 14:10:33;76843,0;5,02;3671,9;73171,1
2026.03.27 14:15:32;76825,6;4,99;3654,5;73171,1
2026.03.27 14:22:32;76757,1;4,90;3585,9;73171,1
2026.03.27 14:29:31;76719,5;4,85;3548,3;73171,1
2026.03.27 14:36:32;76774,6;4,92;3603,5;73171,1
2026.03.27 14:43:31;76814,8;4,98;3643,7;73171,1
2026.03.27 14:50:32;76694,6;4,82;3523,4;73171,1
2026.03.27 14:57:32;76759,0;4,90;3587,9;73171,1
2026.03.27 15:04:31;76849,4;5,03;3678,2;73171,1
2026.03.27 15:11:31;76548,8;4,62;3377,6;73171,1
2026.03.27 15:18:32;76587,9;4,67;3416,8;73171,1
2026.03.27 15:25:32;76586,6;4,67;3415,4;73171,1
2026.03.27 15:32:31;76661,9;4,77;3490,7;73171,1
2026.03.27 15:39:31;76662,0;4,77;3490,8;73171,1
2026.03.27 15:46:31;76642,5;4,74;3471,3;73171,1
2026.03.27 15:53:31;76608,5;4,70;3437,3;73171,1
2026.03.27 16:00:31;76573,9;4,65;3402,8;73171,1
2026.03.27 16:07:32;76669,8;4,78;3498,7;73171,1
2026.03.27 16:14:32;76636,7;4,74;3465,6;73171,1
2026.03.27 16:21:32;76739,0;4,88;3567,8;73171,1
2026.03.27 16:28:31;76611,3;4,70;3440,1;73171,1
2026.03.27 16:35:31;76572,3;4,65;3401,1;73171,1
2026.03.27 16:42:32;76724,4;4,86;3553,2;73171,1
2026.03.27 16:49:31;76840,8;5,02;3669,7;73171,1
2026.03.27 16:56:31;76787,7;4,94;3616,5;73171,1
2026.03.27 17:03:32;76854,2;5,03;3683,0;73171,1
2026.03.27 17:10:31;76877,2;5,06;3706,1;73171,1
2026.03.27 17:17:32;76796,0;4,95;3624,8;73171,1
2026.03.27 17:24:31;76722,3;4,85;3551,1;73171,1
2026.03.27 17:31:31;76738,2;4,87;3567,1;73171,1
2026.03.27 17:38:32;76664,6;4,77;3493,5;73171,1
2026.03.27 17:45:31;76586,4;4,67;3415,3;73171,1
2026.03.27 17:52:32;76523,4;4,58;3352,3;73171,1
2026.03.30 09:31:39;76487,3;4,53;3316,1;73171,1
2026.03.30 09:38:39;76498,1;4,55;3326,9;73171,1
2026.03.30 09:45:39;76515,5;4,57;3344,3;73171,1
2026.03.30 09:52:39;76480,7;4,52;3309,6;73171,1
2026.03.30 09:59:39;76443,2;4,47;3272,1;73171,1
2026.03.30 10:06:39;76490,4;4,54;3319,2;73171,1
2026.03.30 10:13:39;76523,6;4,58;3352,5;73171,1
2026.03.30 10:20:39;76554,8;4,62;3383,6;73171,1
2026.03.30 10:27:39;76574,0;4,65;3402,8;73171,1
2026.03.30 10:34:39;76634,6;4,73;3463,5;73171,1
2026.03.30 10:41:39;76696,5;4,82;3525,4;73171,1
2026.03.30 10:48:39;76816,2;4,98;3645,1;73171,1
2026.03.30 10:55:39;76914,3;5,12;3743,2;73171,1
2026.03.30 11:02:39;76898,2;5,09;3727,0;73171,1
2026.03.30 11:09:39;76874,3;5,06;3703,1;73171,1
2026.03.30 11:16:39;76904,4;5,10;3733,3;73171,1
2026.03.30 11:23:39;76938,5;5,15;3767,3;73171,1
2026.03.30 11:30:39;76891,1;5,08;3720,0;73171,1
2026.03.30 11:37:39;76840,3;5,01;3669,1;73171,1
2026.03.30 11:44:39;76822,5;4,99;3651,3;73171,1
2026.03.30 11:51:39;76765,6;4,91;3594,5;73171,1
2026.03.30 11:58:39;76757,5;4,90;3586,3;73171,1
2026.03.30 12:05:39;76729,0;4,86;3557,8;73171,1
2026.03.30 12:12:39;76723,3;4,85;3552,2;73171,1
2026.03.30 12:19:39;76693,1;4,81;3521,9;73171,1
2026.03.30 12:26:39;76707,6;4,83;3536,5;73171,1
2026.03.30 12:33:39;76715,5;4,84;3544,4;73171,1
2026.03.30 12:40:40;76754,5;4,90;3583,4;73171,1
2026.03.30 12:47:39;76745,6;4,89;3574,5;73171,1
2026.03.30 12:54:39;76733,5;4,87;3562,3;73171,1
2026.03.30 13:01:39;76715,5;4,84;3544,3;73171,1
2026.03.30 13:08:40;76736,8;4,87;3565,6;73171,1
2026.03.30 13:15:40;76773,5;4,92;3602,3;73171,1
2026.03.30 13:22:39;76794,6;4,95;3623,4;73171,1
2026.03.30 13:29:40;76806,2;4,97;3635,0;73171,1
2026.03.30 13:36:39;76846,7;5,02;3675,5;73171,1
2026.03.30 13:43:39;76969,2;5,19;3798,1;73171,1
2026.03.30 13:50:40;76990,6;5,22;3819,5;73171,1
2026.03.30 13:57:40;76974,0;5,20;3802,8;73171,1
2026.03.30 14:04:39;76968,1;5,19;3796,9;73171,1
2026.03.30 14:11:39;76933,9;5,14;3762,7;73171,1
2026.03.30 14:18:40;76916,4;5,12;3745,3;73171,1
2026.03.30 14:25:39;76932,4;5,14;3761,2;73171,1
2026.03.30 14:32:39;76954,4;5,17;3783,3;73171,1
2026.03.30 14:39:39;76995,3;5,23;3824,1;73171,1
2026.03.30 14:46:39;77009,2;5,25;3838,1;73171,1
2026.03.30 14:53:40;77013,1;5,25;3842,0;73171,1
2026.03.30 15:00:39;77034,6;5,28;3863,5;73171,1
2026.03.30 15:07:39;77039,6;5,29;3868,5;73171,1
2026.03.30 15:14:39;77057,2;5,31;3886,1;73171,1
2026.03.30 15:21:39;77088,3;5,35;3917,2;73171,1
2026.03.30 15:28:39;77049,2;5,30;3878,1;73171,1
2026.03.30 15:35:39;77039,6;5,29;3868,5;73171,1
2026.03.30 15:42:39;77079,5;5,34;3908,3;73171,1
2026.03.30 15:49:39;77025,9;5,27;3854,8;73171,1
2026.03.30 15:56:39;76727,4;4,86;3556,2;73171,1
2026.03.30 16:03:39;76611,5;4,70;3440,4;73171,1
2026.03.30 16:10:39;76511,7;4,57;3340,5;73171,1
2026.03.30 16:17:39;76464,9;4,50;3293,7;73171,1
2026.03.30 16:24:39;76517,4;4,57;3346,2;73171,1
2026.03.30 16:31:39;76594,6;4,68;3423,4;73171,1
2026.03.30 16:38:39;76567,3;4,64;3396,1;73171,1
2026.03.30 16:45:39;76505,3;4,56;3334,2;73171,1
2026.03.30 16:52:39;76417,8;4,44;3246,6;73171,1
2026.03.30 16:59:40;76313,6;4,29;3142,4;73171,1
2026.03.30 17:06:40;76404,1;4,42;3232,9;73171,1
2026.03.30 17:13:40;76515,3;4,57;3344,2;73171,1
2026.03.30 17:20:40;76662,4;4,77;3491,3;73171,1
2026.03.30 17:27:40;76583,3;4,66;3412,1;73171,1
2026.03.30 17:34:40;76472,0;4,51;3300,8;73171,1
2026.03.30 17:41:40;76565,7;4,64;3394,5;73171,1
2026.03.30 17:48:40;76568,3;4,64;3397,2;73171,1
2026.03.31 09:34:58;76137,1;4,05;2965,9;73171,1
2026.03.31 09:41:58;76140,5;4,06;2969,4;73171,1
2026.03.31 09:48:58;76264,0;4,23;3092,8;73171,1
2026.03.31 09:55:58;76361,9;4,36;3190,8;73171,1
2026.03.31 10:02:58;76438,4;4,47;3267,2;73171,1
2026.03.31 10:09:58;76518,6;4,57;3347,4;73171,1
2026.03.31 10:16:58;76589,6;4,67;3418,5;73171,1
2026.03.31 10:23:58;76651,5;4,76;3480,4;73171,1
2026.03.31 10:30:58;76600,7;4,69;3429,6;73171,1
2026.03.31 10:37:58;76589,2;4,67;3418,1;73171,1
2026.03.31 10:44:58;76628,3;4,72;3457,2;73171,1
2026.03.31 10:51:58;76607,3;4,70;3436,2;73171,1
2026.03.31 10:58:58;76577,7;4,66;3406,6;73171,1
2026.03.31 11:05:58;76571,0;4,65;3399,8;73171,1
2026.03.31 11:12:58;76559,8;4,63;3388,6;73171,1
2026.03.31 11:19:58;76623,6;4,72;3452,5;73171,1
2026.03.31 11:26:58;76618,9;4,71;3447,8;73171,1
2026.03.31 11:33:58;76619,1;4,71;3447,9;73171,1
2026.03.31 11:40:58;76661,2;4,77;3490,0;73171,1
2026.03.31 11:47:58;76584,9;4,67;3413,7;73171,1
2026.03.31 11:54:58;76616,5;4,71;3445,4;73171,1
2026.03.31 12:01:58;76623,9;4,72;3452,8;73171,1
2026.03.31 12:08:58;76676,8;4,79;3505,7;73171,1
2026.03.31 12:15:58;76650,8;4,76;3479,6;73171,1
2026.03.31 12:22:58;76710,3;4,84;3539,2;73171,1
2026.03.31 12:29:58;76691,9;4,81;3520,7;73171,1
2026.03.31 12:36:58;76644,7;4,75;3473,5;73171,1
2026.03.31 12:43:58;76655,1;4,76;3483,9;73171,1
2026.03.31 12:50:58;76593,4;4,68;3422,2;73171,1
2026.03.31 12:57:58;76497,6;4,55;3326,4;73171,1
2026.03.31 13:04:58;76494,4;4,54;3323,3;73171,1
2026.03.31 13:11:58;76528,0;4,59;3356,8;73171,1
2026.03.31 13:18:58;76543,7;4,61;3372,5;73171,1
2026.03.31 13:25:58;76544,4;4,61;3373,3;73171,1
2026.03.31 13:32:58;76796,8;4,96;3625,7;73171,1
2026.03.31 13:39:58;76805,1;4,97;3634,0;73171,1
2026.03.31 13:46:58;76750,1;4,89;3578,9;73171,1
2026.03.31 13:53:58;76762,0;4,91;3590,8;73171,1
2026.03.31 14:00:58;76785,7;4,94;3614,6;73171,1
2026.03.31 14:07:58;76756,9;4,90;3585,8;73171,1
2026.03.31 14:14:58;76746,7;4,89;3575,5;73171,1
2026.03.31 14:21:58;76781,5;4,93;3610,4;73171,1
2026.03.31 14:28:59;76760,2;4,90;3589,0;73171,1
2026.03.31 14:35:58;76763,1;4,91;3591,9;73171,1
2026.03.31 14:42:58;76787,5;4,94;3616,4;73171,1
2026.03.31 14:49:58;76832,5;5,00;3661,4;73171,1
2026.03.31 14:56:58;76874,0;5,06;3702,8;73171,1
2026.03.31 15:03:58;76870,8;5,06;3699,7;73171,1
2026.03.31 15:10:59;76892,3;5,09;3721,2;73171,1
2026.03.31 15:17:58;76865,2;5,05;3694,0;73171,1
2026.03.31 15:24:58;76838,7;5,01;3667,5;73171,1
2026.03.31 15:31:58;76810,4;4,97;3639,2;73171,1
2026.03.31 15:38:58;76834,4;5,01;3663,3;73171,1
2026.03.31 15:45:58;76829,9;5,00;3658,8;73171,1
2026.03.31 15:52:58;76827,1;5,00;3655,9;73171,1
2026.03.31 15:59:58;76847,2;5,02;3676,0;73171,1
2026.03.31 16:06:58;76972,0;5,19;3800,9;73171,1
2026.03.31 16:13:58;77071,3;5,33;3900,2;73171,1
2026.03.31 16:20:58;77080,1;5,34;3909,0;73171,1
2026.03.31 16:27:58;77024,4;5,27;3853,2;73171,1
2026.03.31 16:34:58;77100,3;5,37;3929,1;73171,1
2026.03.31 16:41:59;77109,5;5,38;3938,3;73171,1
2026.03.31 16:48:58;77152,7;5,44;3981,5;73171,1
2026.03.31 16:55:58;77110,2;5,38;3939,0;73171,1
2026.03.31 17:02:58;76984,0;5,21;3812,8;73171,1
2026.03.31 17:09:58;76870,5;5,06;3699,4;73171,1
2026.03.31 17:16:58;76880,1;5,07;3708,9;73171,1
2026.03.31 17:23:58;76961,0;5,18;3789,8;73171,1
2026.03.31 17:30:59;77038,3;5,29;3867,1;73171,1
2026.03.31 17:37:58;76965,0;5,18;3793,8;73171,1
2026.03.31 17:44:58;76909,9;5,11;3738,8;73171,1
2026.03.31 17:51:59;76986,5;5,21;3815,3;73171,1
2026.04.01 09:36:59;79063,8;8,05;5892,7;73171,1
2026.04.01 09:44:00;79060,0;8,05;5888,9;73171,1
2026.04.01 09:50:59;79129,5;8,14;5958,3;73171,1
2026.04.01 09:57:59;79137,9;8,15;5966,8;73171,1
2026.04.01 10:04:59;79100,2;8,10;5929,1;73171,1
2026.04.01 10:11:59;78930,5;7,87;5759,3;73171,1
2026.04.01 10:18:59;78814,2;7,71;5643,0;73171,1
2026.04.01 10:25:59;78789,6;7,68;5618,5;73171,1
2026.04.01 10:32:59;78768,0;7,65;5596,8;73171,1
2026.04.01 10:40:00;78868,0;7,79;5696,9;73171,1
2026.04.01 10:46:59;78857,6;7,77;5686,4;73171,1
2026.04.01 10:53:59;78941,8;7,89;5770,7;73171,1
2026.04.01 11:01:00;78956,3;7,91;5785,1;73171,1
2026.04.01 11:07:59;78952,6;7,90;5781,4;73171,1
2026.04.01 11:14:59;78982,6;7,94;5811,5;73171,1
2026.04.01 11:21:59;78974,8;7,93;5803,7;73171,1
2026.04.01 11:28:59;78947,8;7,89;5776,7;73171,1
2026.04.01 11:36:00;78849,9;7,76;5678,8;73171,1
2026.04.01 11:42:59;78872,6;7,79;5701,5;73171,1
2026.04.01 11:49:59;78933,3;7,87;5762,1;73171,1
2026.04.01 11:56:59;78943,1;7,89;5771,9;73171,1
2026.04.01 12:03:59;78973,0;7,93;5801,8;73171,1
2026.04.01 12:10:59;79004,6;7,97;5833,4;73171,1
2026.04.01 12:18:00;78992,3;7,96;5821,1;73171,1
2026.04.01 12:24:59;78965,0;7,92;5793,8;73171,1
2026.04.01 12:31:59;78937,1;7,88;5766,0;73171,1
2026.04.01 12:38:59;78983,0;7,94;5811,9;73171,1
2026.04.01 12:45:59;79006,2;7,97;5835,0;73171,1
2026.04.01 12:52:59;78975,4;7,93;5804,2;73171,1
2026.04.01 12:59:59;79028,0;8,00;5856,8;73171,1
2026.04.01 13:07:00;79115,6;8,12;5944,5;73171,1
2026.04.01 13:14:00;79128,3;8,14;5957,2;73171,1
2026.04.01 13:20:59;79183,8;8,22;6012,6;73171,1
2026.04.01 13:27:59;79247,1;8,30;6075,9;73171,1
2026.04.01 13:34:59;79259,9;8,32;6088,7;73171,1
2026.04.01 13:42:00;79272,7;8,34;6101,5;73171,1
2026.04.01 13:48:59;79327,0;8,41;6155,8;73171,1
2026.04.01 13:56:00;79390,2;8,50;6219,1;73171,1
2026.04.01 14:02:59;79355,7;8,45;6184,5;73171,1
2026.04.01 14:10:00;79393,1;8,50;6222,0;73171,1
2026.04.01 14:16:59;79361,3;8,46;6190,2;73171,1
2026.04.01 14:23:59;79347,4;8,44;6176,2;73171,1
2026.04.01 14:30:59;79406,7;8,52;6235,6;73171,1
2026.04.01 14:37:59;79299,7;8,38;6128,6;73171,1
2026.04.01 14:44:59;79272,3;8,34;6101,1;73171,1
2026.04.01 14:51:59;79239,7;8,29;6068,6;73171,1
2026.04.01 14:58:59;79184,1;8,22;6012,9;73171,1
2026.04.01 15:05:59;79216,4;8,26;6045,2;73171,1
2026.04.01 15:13:00;79130,3;8,14;5959,2;73171,1
2026.04.01 15:19:59;79111,3;8,12;5940,1;73171,1
2026.04.01 15:26:59;79092,7;8,09;5921,5;73171,1
2026.04.01 15:33:59;79135,7;8,15;5964,6;73171,1
2026.04.01 15:40:59;79121,1;8,13;5949,9;73171,1
2026.04.01 15:47:59;79131,2;8,15;5960,1;73171,1
2026.04.01 15:54:59;79330,4;8,42;6159,3;73171,1
2026.04.01 16:01:59;79147,2;8,17;5976,0;73171,1
2026.04.01 16:08:59;79196,9;8,24;6025,7;73171,1
2026.04.01 16:15:59;79257,3;8,32;6086,1;73171,1
2026.04.01 16:22:59;79319,9;8,40;6148,7;73171,1
2026.04.01 16:29:59;79326,5;8,41;6155,3;73171,1
2026.04.01 16:36:59;79390,2;8,50;6219,1;73171,1
2026.04.01 16:43:59;79402,7;8,52;6231,5;73171,1
2026.04.01 16:50:59;79457,4;8,59;6286,3;73171,1
2026.04.01 16:58:00;79486,4;8,63;6315,3;73171,1
2026.04.01 17:04:59;79501,9;8,65;6330,7;73171,1
2026.04.01 17:11:59;79546,6;8,71;6375,4;73171,1
2026.04.01 17:19:01;79593,2;8,78;6422,1;73171,1
2026.04.01 17:25:59;79619,5;8,81;6448,3;73171,1
2026.04.01 17:32:59;79615,2;8,81;6444,0;73171,1
2026.04.01 17:39:59;79596,0;8,78;6424,9;73171,1
2026.04.01 17:47:00;79648,4;8,85;6477,3;73171,1
2026.04.01 17:54:00;79778,7;9,03;6607,5;73171,1
2026.04.02 09:32:01;78395,1;7,14;5223,9;73171,1
2026.04.02 09:39:00;78358,0;7,09;5186,8;73171,1
2026.04.02 09:46:00;78412,3;7,16;5241,1;73171,1
2026.04.02 09:53:00;78458,2;7,23;5287,1;73171,1
2026.04.02 10:00:01;78489,5;7,27;5318,3;73171,1
2026.04.02 10:07:00;78499,3;7,28;5328,2;73171,1
2026.04.02 10:14:00;78549,3;7,35;5378,2;73171,1
2026.04.02 10:21:00;78524,1;7,32;5353,0;73171,1
2026.04.02 10:28:00;78532,1;7,33;5361,0;73171,1
2026.04.02 10:35:01;78516,0;7,30;5344,9;73171,1
2026.04.02 10:42:01;78534,2;7,33;5363,1;73171,1
2026.04.02 10:49:01;78613,1;7,44;5441,9;73171,1
2026.04.02 10:56:01;78588,1;7,40;5416,9;73171,1
2026.04.02 11:03:01;78608,2;7,43;5437,1;73171,1
2026.04.02 11:10:00;78618,4;7,44;5447,3;73171,1
2026.04.02 11:17:00;78618,0;7,44;5446,8;73171,1
2026.04.02 11:24:00;78569,5;7,38;5398,3;73171,1
2026.04.02 11:31:00;78518,5;7,31;5347,3;73171,1
2026.04.02 11:38:00;78548,1;7,35;5377,0;73171,1
2026.04.02 11:45:01;78569,5;7,38;5398,3;73171,1
2026.04.02 11:52:01;78480,7;7,26;5309,6;73171,1
2026.04.02 11:59:01;78467,8;7,24;5296,7;73171,1
2026.04.02 12:06:00;78477,0;7,25;5305,9;73171,1
2026.04.02 12:13:01;78494,5;7,28;5323,3;73171,1
2026.04.02 12:20:00;78497,8;7,28;5326,7;73171,1
2026.04.02 12:27:01;78477,8;7,25;5306,6;73171,1
2026.04.02 12:34:01;78403,6;7,15;5232,4;73171,1
2026.04.02 12:41:01;78392,4;7,14;5221,2;73171,1
2026.04.02 12:48:01;78362,1;7,09;5190,9;73171,1
2026.04.02 12:55:00;78386,7;7,13;5215,5;73171,1
2026.04.02 13:02:01;78417,8;7,17;5246,6;73171,1
2026.04.02 13:09:00;78414,6;7,17;5243,5;73171,1
2026.04.02 13:16:01;78422,7;7,18;5251,5;73171,1
2026.04.02 13:23:01;78409,6;7,16;5238,5;73171,1
2026.04.02 13:30:01;78370,7;7,11;5199,5;73171,1
2026.04.02 13:37:01;78296,9;7,01;5125,8;73171,1
2026.04.02 13:44:01;78293,0;7,00;5121,9;73171,1
2026.04.02 13:51:01;78254,8;6,95;5083,6;73171,1
2026.04.02 13:58:01;78190,7;6,86;5019,6;73171,1
2026.04.02 14:05:01;78204,8;6,88;5033,6;73171,1
2026.04.02 14:12:01;78213,9;6,89;5042,7;73171,1
2026.04.02 14:26:01;78054,6;6,67;4883,5;73171,1
2026.04.02 14:33:01;78047,3;6,66;4876,2;73171,1
2026.04.02 14:40:01;78126,3;6,77;4955,1;73171,1
2026.04.02 14:47:01;78127,2;6,77;4956,0;73171,1
2026.04.02 14:54:01;78132,0;6,78;4960,9;73171,1
2026.04.02 15:01:01;78134,0;6,78;4962,8;73171,1
2026.04.02 15:08:01;78164,4;6,82;4993,3;73171,1
2026.04.02 15:15:01;78158,8;6,82;4987,7;73171,1
2026.04.02 15:22:01;78133,7;6,78;4962,5;73171,1
2026.04.02 15:29:01;78093,4;6,73;4922,2;73171,1
2026.04.02 15:36:01;78104,1;6,74;4932,9;73171,1
2026.04.02 15:43:01;78095,8;6,73;4924,7;73171,1
2026.04.02 15:50:01;78248,8;6,94;5077,6;73171,1
2026.04.02 15:57:01;78132,7;6,78;4961,6;73171,1
2026.04.02 16:04:01;78333,3;7,05;5162,1;73171,1
2026.04.02 16:11:01;78522,1;7,31;5350,9;73171,1
2026.04.02 16:18:01;78634,9;7,47;5463,8;73171,1
2026.04.02 16:25:01;78807,8;7,70;5636,6;73171,1
2026.04.02 16:32:01;78858,2;7,77;5687,0;73171,1
2026.04.02 16:39:01;78916,4;7,85;5745,3;73171,1
2026.04.02 16:46:01;78894,9;7,82;5723,7;73171,1
2026.04.02 16:53:01;79653,6;8,86;6482,4;73171,1
2026.04.02 17:00:01;79641,1;8,84;6469,9;73171,1
2026.04.02 17:07:01;79511,7;8,67;6340,5;73171,1
2026.04.02 17:14:01;79670,2;8,88;6499,0;73171,1
2026.04.02 17:21:01;79596,6;8,78;6425,5;73171,1
2026.04.02 17:28:01;79599,7;8,79;6428,6;73171,1
2026.04.02 17:35:01;79584,9;8,77;6413,8;73171,1
2026.04.02 17:42:01;79548,2;8,72;6377,1;73171,1
2026.04.02 17:49:01;79589,4;8,77;6418,3;73171,1
2026.04.07 09:49:39;79827,8;9,10;6656,7;73171,1
2026.04.07 09:56:37;79829,1;9,10;6658,0;73171,1
2026.04.07 10:03:37;79866,0;9,15;6694,9;73171,1
2026.04.07 10:10:38;79804,6;9,07;6633,5;73171,1
2026.04.07 10:17:37;79990,0;9,32;6818,9;73171,1
2026.04.07 10:24:37;79950,5;9,27;6779,3;73171,1
2026.04.07 10:31:38;80033,6;9,38;6862,5;73171,1
2026.04.07 10:38:38;80075,7;9,44;6904,6;73171,1
2026.04.07 10:45:38;80123,1;9,50;6952,0;73171,1
2026.04.07 10:52:38;80201,1;9,61;7029,9;73171,1
2026.04.07 10:59:38;80183,7;9,58;7012,5;73171,1
2026.04.07 11:06:38;80146,2;9,53;6975,0;73171,1
2026.04.07 11:13:38;80167,1;9,56;6996,0;73171,1
2026.04.07 11:20:37;80192,2;9,60;7021,0;73171,1
2026.04.07 11:27:37;80226,6;9,64;7055,4;73171,1
2026.04.07 11:34:38;80236,5;9,66;7065,4;73171,1
2026.04.07 11:41:38;80257,0;9,68;7085,9;73171,1
2026.04.07 11:48:38;80330,1;9,78;7158,9;73171,1
2026.04.07 11:55:37;80327,1;9,78;7155,9;73171,1
2026.04.07 12:02:38;80263,7;9,69;7092,6;73171,1
2026.04.07 12:09:38;80286,8;9,72;7115,6;73171,1
2026.04.07 12:16:38;80278,7;9,71;7107,5;73171,1
2026.04.07 12:23:38;80242,6;9,66;7071,5;73171,1
2026.04.07 12:30:38;80196,3;9,60;7025,1;73171,1
2026.04.07 12:37:37;80232,0;9,65;7060,9;73171,1
2026.04.07 12:44:37;80126,4;9,51;6955,2;73171,1
2026.04.07 12:51:38;80081,9;9,44;6910,8;73171,1
2026.04.07 12:58:37;79973,0;9,30;6801,8;73171,1
2026.04.07 13:05:38;79836,3;9,11;6665,1;73171,1
2026.04.07 13:12:38;79671,8;8,88;6500,6;73171,1
2026.04.07 13:19:38;79717,0;8,95;6545,8;73171,1
2026.04.07 13:26:37;79730,7;8,96;6559,5;73171,1
2026.04.07 13:33:37;79722,3;8,95;6551,2;73171,1
2026.04.07 13:40:38;79751,2;8,99;6580,0;73171,1
2026.04.07 13:47:37;79708,9;8,93;6537,7;73171,1
2026.04.07 13:54:38;79631,5;8,83;6460,4;73171,1
2026.04.07 14:01:38;79629,8;8,83;6458,6;73171,1
2026.04.07 14:08:38;79590,6;8,77;6419,4;73171,1
2026.04.07 14:15:38;79618,8;8,81;6447,7;73171,1
2026.04.07 14:22:38;79492,2;8,64;6321,1;73171,1
2026.04.07 14:29:38;79479,6;8,62;6308,5;73171,1
2026.04.07 14:36:37;79545,5;8,71;6374,3;73171,1
2026.04.07 14:44:02;79601,2;8,79;6430,1;73171,1
2026.04.07 14:50:38;79610,5;8,80;6439,4;73171,1
2026.04.07 14:57:38;79632,2;8,83;6461,0;73171,1
2026.04.07 15:04:38;79605,7;8,79;6434,6;73171,1
2026.04.07 15:11:38;79663,0;8,87;6491,9;73171,1
2026.04.07 15:18:38;79608,7;8,80;6437,5;73171,1
2026.04.07 15:25:38;79626,1;8,82;6455,0;73171,1
2026.04.07 15:32:38;79556,8;8,73;6385,7;73171,1
2026.04.07 15:39:38;79591,7;8,77;6420,6;73171,1
2026.04.07 15:46:38;79624,3;8,82;6453,1;73171,1
2026.04.07 15:53:38;79592,8;8,78;6421,7;73171,1
2026.04.07 16:00:38;79523,7;8,68;6352,5;73171,1
2026.04.07 16:07:38;79467,9;8,61;6296,7;73171,1
2026.04.07 16:14:38;79343,9;8,44;6172,8;73171,1
2026.04.07 16:21:38;79105,8;8,11;5934,7;73171,1
2026.04.07 16:28:38;79069,4;8,06;5898,3;73171,1
2026.04.07 16:35:38;79159,1;8,18;5987,9;73171,1
2026.04.07 16:42:38;79266,4;8,33;6095,3;73171,1
2026.04.07 16:49:38;79319,5;8,40;6148,3;73171,1
2026.04.07 16:56:38;79313,0;8,39;6141,8;73171,1
2026.04.07 17:03:38;79306,2;8,38;6135,0;73171,1
2026.04.07 17:10:38;79275,3;8,34;6104,2;73171,1
2026.04.07 17:17:38;79065,2;8,06;5894,1;73171,1
2026.04.07 17:24:38;79002,9;7,97;5831,7;73171,1
2026.04.07 17:31:38;79080,4;8,08;5909,2;73171,1
2026.04.07 17:38:38;79143,0;8,16;5971,9;73171,1
2026.04.07 17:45:48;79200,4;8,24;6029,3;73171,1
2026.04.07 17:52:38;79246,7;8,30;6075,6;73171,1
2026.04.08 09:30:39;81015,9;10,72;7844,7;73171,1
2026.04.08 09:37:39;82269,8;12,43;9098,6;73171,1
2026.04.08 09:44:39;82266,9;12,43;9095,8;73171,1
2026.04.08 09:51:39;82136,7;12,25;8965,6;73171,1
2026.04.08 09:58:39;82117,5;12,23;8946,3;73171,1
2026.04.08 10:05:39;82033,3;12,11;8862,1;73171,1
2026.04.08 10:12:39;82098,0;12,20;8926,9;73171,1
2026.04.08 10:19:39;82044,2;12,13;8873,1;73171,1
2026.04.08 10:26:39;82044,6;12,13;8873,4;73171,1
2026.04.08 10:33:39;82139,7;12,26;8968,5;73171,1
2026.04.08 10:40:39;82126,5;12,24;8955,3;73171,1
2026.04.08 10:47:39;82109,3;12,22;8938,1;73171,1
2026.04.08 10:54:39;82130,9;12,24;8959,8;73171,1
2026.04.08 11:01:39;82063,2;12,15;8892,0;73171,1
2026.04.08 11:08:39;82137,3;12,25;8966,1;73171,1
2026.04.08 11:15:39;82219,6;12,37;9048,5;73171,1
2026.04.08 11:22:39;82209,0;12,35;9037,9;73171,1
2026.04.08 11:29:39;82263,0;12,43;9091,8;73171,1
2026.04.08 11:36:39;82282,1;12,45;9111,0;73171,1
2026.04.08 11:43:39;82321,5;12,51;9150,4;73171,1
2026.04.08 11:50:39;82332,8;12,52;9161,6;73171,1
2026.04.08 11:57:39;82341,7;12,53;9170,5;73171,1
2026.04.08 12:04:39;82266,6;12,43;9095,5;73171,1
2026.04.08 12:11:39;82299,5;12,48;9128,3;73171,1
2026.04.08 12:18:39;82288,7;12,46;9117,6;73171,1
2026.04.08 12:25:39;82272,2;12,44;9101,0;73171,1
2026.04.08 12:32:39;82206,5;12,35;9035,3;73171,1
2026.04.08 12:39:39;82272,8;12,44;9101,6;73171,1
2026.04.08 12:46:39;82310,4;12,49;9139,3;73171,1
2026.04.08 12:53:39;82318,4;12,50;9147,3;73171,1
2026.04.08 13:00:39;82308,5;12,49;9137,4;73171,1
2026.04.08 13:07:39;82323,4;12,51;9152,2;73171,1
2026.04.08 13:14:39;82309,7;12,49;9138,5;73171,1
2026.04.08 13:21:39;82283,3;12,45;9112,1;73171,1
2026.04.08 13:28:39;82404,1;12,62;9232,9;73171,1
2026.04.08 13:35:39;82362,9;12,56;9191,7;73171,1
2026.04.08 13:42:39;82454,0;12,69;9282,9;73171,1
2026.04.08 13:49:39;82495,5;12,74;9324,3;73171,1
2026.04.08 13:56:40;82499,5;12,75;9328,3;73171,1
2026.04.08 14:04:01;82502,3;12,75;9331,2;73171,1
2026.04.08 14:10:39;82514,1;12,77;9342,9;73171,1
2026.04.08 14:17:39;82526,8;12,79;9355,7;73171,1
2026.04.08 14:24:39;82555,8;12,83;9384,6;73171,1
2026.04.08 14:31:39;82546,6;12,81;9375,4;73171,1
2026.04.08 14:38:39;82427,0;12,65;9255,8;73171,1
2026.04.08 14:45:39;82457,2;12,69;9286,1;73171,1
2026.04.08 14:52:39;82533,7;12,80;9362,5;73171,1
2026.04.08 14:59:39;82493,7;12,74;9322,5;73171,1
2026.04.08 15:06:39;82540,7;12,80;9369,5;73171,1
2026.04.08 15:13:39;82544,3;12,81;9373,2;73171,1
2026.04.08 15:20:39;82560,2;12,83;9389,0;73171,1
2026.04.08 15:27:39;82534,5;12,80;9363,3;73171,1
2026.04.08 15:34:39;82489,0;12,73;9317,9;73171,1
2026.04.08 15:41:39;82499,3;12,75;9328,1;73171,1
2026.04.08 15:48:39;82404,0;12,62;9232,9;73171,1
2026.04.08 15:55:39;82367,3;12,57;9196,1;73171,1
2026.04.08 16:02:39;82426,2;12,65;9255,0;73171,1
2026.04.08 16:09:39;82294,6;12,47;9123,4;73171,1
2026.04.08 16:16:39;82301,8;12,48;9130,6;73171,1
2026.04.08 16:23:39;82318,9;12,50;9147,7;73171,1
2026.04.08 16:30:39;82305,3;12,48;9134,2;73171,1
2026.04.08 16:37:39;82281,9;12,45;9110,8;73171,1
2026.04.08 16:44:39;82253,7;12,41;9082,5;73171,1
2026.04.08 16:51:39;82130,3;12,24;8959,2;73171,1
2026.04.08 16:58:39;82107,3;12,21;8936,2;73171,1
2026.04.08 17:05:39;82031,1;12,11;8859,9;73171,1
2026.04.08 17:12:39;81878,1;11,90;8707,0;73171,1
2026.04.08 17:19:39;82003,8;12,07;8832,7;73171,1
2026.04.08 17:26:39;81914,5;11,95;8743,3;73171,1
2026.04.08 17:33:39;81973,3;12,03;8802,1;73171,1
2026.04.08 17:40:39;82031,6;12,11;8860,5;73171,1
2026.04.08 17:47:39;82084,1;12,18;8913,0;73171,1
2026.04.08 17:54:39;82206,4;12,35;9035,2;73171,1
2026.04.09 09:32:41;81932,4;11,97;8761,3;73171,1
2026.04.09 09:39:40;81867,0;11,88;8695,9;73171,1
2026.04.09 09:46:41;81850,9;11,86;8679,7;73171,1
2026.04.09 09:53:41;81830,8;11,83;8659,7;73171,1
2026.04.09 10:00:41;81729,0;11,70;8557,9;73171,1
2026.04.09 10:07:41;81679,1;11,63;8508,0;73171,1
2026.04.09 10:14:40;81702,9;11,66;8531,7;73171,1
2026.04.09 10:21:41;81716,9;11,68;8545,8;73171,1
2026.04.09 10:28:41;81690,7;11,64;8519,6;73171,1
2026.04.09 10:35:41;81701,5;11,66;8530,4;73171,1
2026.04.09 10:42:40;81681,6;11,63;8510,5;73171,1
2026.04.09 10:49:41;81672,1;11,62;8501,0;73171,1
2026.04.09 10:56:41;81684,7;11,64;8513,6;73171,1
2026.04.09 11:03:41;81692,9;11,65;8521,8;73171,1
2026.04.09 11:10:40;81656,5;11,60;8485,3;73171,1
2026.04.09 11:17:40;81628,2;11,56;8457,1;73171,1
2026.04.09 11:24:40;81630,1;11,56;8458,9;73171,1
2026.04.09 11:31:41;81695,3;11,65;8524,2;73171,1
2026.04.09 11:38:41;81711,2;11,67;8540,1;73171,1
2026.04.09 11:45:41;81712,4;11,67;8541,2;73171,1
2026.04.09 11:52:40;81698,6;11,65;8527,5;73171,1
2026.04.09 11:59:41;81703,0;11,66;8531,9;73171,1
2026.04.09 12:07:32;81718,7;11,68;8547,6;73171,1
2026.04.09 12:13:41;81726,3;11,69;8555,2;73171,1
2026.04.09 12:20:41;81702,8;11,66;8531,7;73171,1
2026.04.09 12:27:41;81713,5;11,67;8542,4;73171,1
2026.04.09 12:34:40;81710,4;11,67;8539,2;73171,1
2026.04.09 12:41:40;81747,4;11,72;8576,3;73171,1
2026.04.09 12:48:41;81761,7;11,74;8590,5;73171,1
2026.04.09 12:55:41;81751,4;11,73;8580,2;73171,1
2026.04.09 13:02:41;81758,6;11,74;8587,5;73171,1
2026.04.09 13:09:41;81707,0;11,67;8535,8;73171,1
2026.04.09 13:16:41;81697,9;11,65;8526,8;73171,1
2026.04.09 13:23:41;81664,6;11,61;8493,4;73171,1
2026.04.09 13:30:41;81656,2;11,60;8485,1;73171,1
2026.04.09 13:37:40;81628,3;11,56;8457,1;73171,1
2026.04.09 13:44:41;81623,6;11,55;8452,4;73171,1
2026.04.09 13:51:41;81648,0;11,58;8476,8;73171,1
2026.04.09 13:58:41;81702,0;11,66;8530,8;73171,1
2026.04.09 14:05:41;81752,4;11,73;8581,2;73171,1
2026.04.09 14:12:41;81760,2;11,74;8589,0;73171,1
2026.04.09 14:19:41;81790,2;11,78;8619,0;73171,1
2026.04.09 14:26:41;81787,7;11,78;8616,6;73171,1
2026.04.09 14:33:41;81787,1;11,78;8616,0;73171,1
2026.04.09 14:40:41;81778,5;11,76;8607,3;73171,1
2026.04.09 14:47:41;81799,7;11,79;8628,5;73171,1
2026.04.09 14:55:06;81790,8;11,78;8619,6;73171,1
2026.04.09 15:01:41;81801,7;11,80;8630,6;73171,1
2026.04.09 15:08:41;81754,7;11,73;8583,5;73171,1
2026.04.09 15:15:41;81760,7;11,74;8589,6;73171,1
2026.04.09 15:22:41;81794,7;11,79;8623,5;73171,1
2026.04.09 15:29:41;81771,5;11,75;8600,3;73171,1
2026.04.09 15:36:41;81748,9;11,72;8577,8;73171,1
2026.04.09 15:43:41;81779,6;11,76;8608,4;73171,1
2026.04.09 15:50:41;81871,3;11,89;8700,1;73171,1
2026.04.09 15:57:41;81972,8;12,03;8801,6;73171,1
2026.04.09 16:04:41;81995,8;12,06;8824,7;73171,1
2026.04.09 16:11:41;81933,0;11,97;8761,8;73171,1
2026.04.09 16:18:41;81969,5;12,02;8798,3;73171,1
2026.04.09 16:25:41;81949,3;12,00;8778,1;73171,1
2026.04.09 16:32:41;81871,3;11,89;8700,2;73171,1
2026.04.09 16:39:41;81857,8;11,87;8686,7;73171,1
2026.04.09 16:46:41;81851,0;11,86;8679,8;73171,1
2026.04.09 16:53:41;81843,0;11,85;8671,8;73171,1
2026.04.09 17:00:41;81887,2;11,91;8716,1;73171,1
2026.04.09 17:07:41;81927,2;11,97;8756,1;73171,1
2026.04.09 17:14:41;81977,7;12,04;8806,6;73171,1
2026.04.09 17:21:41;81961,5;12,01;8790,3;73171,1
2026.04.09 17:28:41;81983,0;12,04;8811,8;73171,1
2026.04.09 17:35:41;82058,9;12,15;8887,7;73171,1
2026.04.09 17:42:41;81994,9;12,06;8823,7;73171,1
2026.04.09 17:49:41;82020,3;12,09;8849,1;73171,1
2026.04.10 09:34:42;82203,3;12,34;9032,1;73171,1
2026.04.10 09:41:42;82274,1;12,44;9103,0;73171,1
2026.04.10 09:48:42;82305,1;12,48;9134,0;73171,1
2026.04.10 09:55:42;82317,1;12,50;9145,9;73171,1
2026.04.10 10:02:42;82256,2;12,42;9085,1;73171,1
2026.04.10 10:09:42;82278,7;12,45;9107,6;73171,1
2026.04.10 10:16:42;82307,1;12,49;9135,9;73171,1
2026.04.10 10:23:42;82286,0;12,46;9114,8;73171,1
2026.04.10 10:30:42;82274,0;12,44;9102,8;73171,1
2026.04.10 10:37:42;82280,9;12,45;9109,7;73171,1
2026.04.10 10:44:42;82297,0;12,47;9125,8;73171,1
2026.04.10 10:51:42;82280,8;12,45;9109,7;73171,1
2026.04.10 10:58:42;82280,7;12,45;9109,5;73171,1
2026.04.10 11:05:42;82225,0;12,37;9053,8;73171,1
2026.04.10 11:12:42;82159,9;12,28;8988,8;73171,1
2026.04.10 11:19:42;82188,0;12,32;9016,8;73171,1
2026.04.10 11:26:42;82206,6;12,35;9035,5;73171,1
2026.04.10 11:33:42;82222,3;12,37;9051,2;73171,1
2026.04.10 11:40:42;82215,9;12,36;9044,8;73171,1
2026.04.10 11:47:42;82200,5;12,34;9029,4;73171,1
2026.04.10 11:54:43;82248,1;12,41;9076,9;73171,1
2026.04.10 12:01:43;82287,1;12,46;9115,9;73171,1
2026.04.10 12:08:42;82288,9;12,46;9117,8;73171,1
2026.04.10 12:15:42;82280,0;12,45;9108,8;73171,1
2026.04.10 12:22:42;82253,2;12,41;9082,0;73171,1
2026.04.10 12:29:42;82250,1;12,41;9079,0;73171,1
2026.04.10 12:36:42;82289,2;12,46;9118,0;73171,1
2026.04.10 12:43:42;82290,1;12,46;9119,0;73171,1
2026.04.10 12:50:42;82329,8;12,52;9158,7;73171,1
2026.04.10 12:57:42;82357,9;12,56;9186,8;73171,1
2026.04.10 13:04:42;82367,8;12,57;9196,7;73171,1
2026.04.10 13:11:42;82414,8;12,63;9243,7;73171,1
2026.04.10 13:18:42;82443,9;12,67;9272,8;73171,1
2026.04.10 13:25:42;82353,8;12,55;9182,7;73171,1
2026.04.10 13:32:42;82350,3;12,54;9179,2;73171,1
2026.04.10 13:39:42;82392,9;12,60;9221,7;73171,1
2026.04.10 13:46:43;82389,4;12,60;9218,3;73171,1
2026.04.10 13:53:43;82383,1;12,59;9212,0;73171,1
2026.04.10 14:00:43;82393,0;12,60;9221,9;73171,1
2026.04.10 14:07:42;82409,2;12,63;9238,1;73171,1
2026.04.10 14:14:42;82436,6;12,66;9265,5;73171,1
2026.04.10 14:21:42;82417,9;12,64;9246,8;73171,1
2026.04.10 14:28:42;82461,0;12,70;9289,9;73171,1
2026.04.10 14:35:42;82490,5;12,74;9319,4;73171,1
2026.04.10 14:42:42;82461,7;12,70;9290,6;73171,1
2026.04.10 14:49:42;82505,3;12,76;9334,1;73171,1
2026.04.10 14:56:42;82543,1;12,81;9372,0;73171,1
2026.04.10 15:03:42;82558,4;12,83;9387,2;73171,1
2026.04.10 15:10:42;82554,9;12,82;9383,8;73171,1
2026.04.10 15:17:42;82526,4;12,79;9355,2;73171,1
2026.04.10 15:24:42;82540,4;12,80;9369,2;73171,1
2026.04.10 15:31:42;82548,9;12,82;9377,7;73171,1
2026.04.10 15:38:42;82530,6;12,79;9359,4;73171,1
2026.04.10 15:45:42;82527,2;12,79;9356,0;73171,1
2026.04.10 15:52:42;82526,1;12,79;9355,0;73171,1
2026.04.10 15:59:42;82455,3;12,69;9284,2;73171,1
2026.04.10 16:06:42;82427,3;12,65;9256,2;73171,1
2026.04.10 16:13:42;82490,8;12,74;9319,6;73171,1
2026.04.10 16:20:43;82525,7;12,78;9354,6;73171,1
2026.04.10 16:27:42;82480,1;12,72;9309,0;73171,1
2026.04.10 16:34:42;82593,8;12,88;9422,7;73171,1
2026.04.10 16:41:42;82662,1;12,97;9491,0;73171,1
2026.04.10 16:48:42;82718,3;13,05;9547,1;73171,1
2026.04.10 16:55:42;82727,6;13,06;9556,4;73171,1
2026.04.10 17:02:42;82666,1;12,98;9494,9;73171,1
2026.04.10 17:09:42;82640,9;12,94;9469,8;73171,1
2026.04.10 17:16:43;82648,8;12,95;9477,6;73171,1
2026.04.10 17:23:43;82644,6;12,95;9473,4;73171,1
2026.04.10 17:30:43;82682,8;13,00;9511,7;73171,1
2026.04.10 17:37:42;82745,0;13,08;9573,9;73171,1
2026.04.10 17:44:42;82697,7;13,02;9526,6;73171,1
2026.04.10 17:51:42;82669,7;12,98;9498,6;73171,1
2026.04.13 09:33:47;82058,4;12,15;8887,2;73171,1
2026.04.13 09:40:47;82065,0;12,15;8893,8;73171,1
2026.04.13 09:47:47;82095,2;12,20;8924,1;73171,1
2026.04.13 09:54:47;82067,9;12,16;8896,8;73171,1
2026.04.13 10:01:46;82070,4;12,16;8899,3;73171,1
2026.04.13 10:08:46;82064,3;12,15;8893,2;73171,1
2026.04.13 10:15:47;82055,2;12,14;8884,0;73171,1
2026.04.13 10:22:47;82078,9;12,17;8907,8;73171,1
2026.04.13 10:29:46;82064,8;12,15;8893,7;73171,1
2026.04.13 10:36:46;82057,7;12,14;8886,6;73171,1
2026.04.13 10:43:47;82098,7;12,20;8927,6;73171,1
2026.04.13 10:50:47;82074,8;12,17;8903,7;73171,1
2026.04.13 10:57:47;82080,5;12,18;8909,3;73171,1
2026.04.13 11:04:47;82079,8;12,18;8908,7;73171,1
2026.04.13 11:11:47;82092,4;12,19;8921,3;73171,1
2026.04.13 11:18:47;82146,8;12,27;8975,6;73171,1
2026.04.13 11:25:47;82154,4;12,28;8983,2;73171,1
2026.04.13 11:32:47;82148,1;12,27;8977,0;73171,1
2026.04.13 11:39:47;82173,7;12,30;9002,5;73171,1
2026.04.13 11:46:47;82158,2;12,28;8987,1;73171,1
2026.04.13 11:53:46;82157,2;12,28;8986,0;73171,1
2026.04.13 12:00:47;82133,9;12,25;8962,7;73171,1
2026.04.13 12:07:47;82115,9;12,22;8944,8;73171,1
2026.04.13 12:14:47;82129,7;12,24;8958,5;73171,1
2026.04.13 12:21:47;82121,9;12,23;8950,7;73171,1
2026.04.13 12:28:46;82129,4;12,24;8958,3;73171,1
2026.04.13 12:35:46;82121,7;12,23;8950,6;73171,1
2026.04.13 12:42:47;82125,1;12,24;8953,9;73171,1
2026.04.13 12:49:47;82137,8;12,25;8966,7;73171,1
2026.04.13 12:56:47;82113,1;12,22;8941,9;73171,1
2026.04.13 13:03:47;82130,5;12,24;8959,3;73171,1
2026.04.13 13:10:47;82124,5;12,24;8953,4;73171,1
2026.04.13 13:17:47;82216,9;12,36;9045,7;73171,1
2026.04.13 13:24:47;82194,6;12,33;9023,4;73171,1
2026.04.13 13:31:47;82156,8;12,28;8985,7;73171,1
2026.04.13 13:38:47;82172,1;12,30;9001,0;73171,1
2026.04.13 13:45:47;82099,2;12,20;8928,1;73171,1
2026.04.13 13:52:47;82049,8;12,13;8878,7;73171,1
2026.04.13 13:59:47;82033,4;12,11;8862,2;73171,1
2026.04.13 14:06:47;82033,3;12,11;8862,2;73171,1
2026.04.13 14:13:47;82021,8;12,10;8850,6;73171,1
2026.04.13 14:20:47;81976,6;12,03;8805,5;73171,1
2026.04.13 14:27:47;82037,0;12,12;8865,8;73171,1
2026.04.13 14:34:47;82047,9;12,13;8876,7;73171,1
2026.04.13 14:41:47;82073,4;12,17;8902,2;73171,1
2026.04.13 14:48:47;82081,0;12,18;8909,8;73171,1
2026.04.13 14:55:47;82062,0;12,15;8890,8;73171,1
2026.04.13 15:02:47;82087,8;12,19;8916,7;73171,1
2026.04.13 15:09:47;82058,6;12,15;8887,4;73171,1
2026.04.13 15:16:47;82084,9;12,18;8913,8;73171,1
2026.04.13 15:23:47;82109,4;12,22;8938,2;73171,1
2026.04.13 15:30:47;82102,8;12,21;8931,6;73171,1
2026.04.13 15:37:47;82141,1;12,26;8969,9;73171,1
2026.04.13 15:44:47;82191,4;12,33;9020,3;73171,1
2026.04.13 15:51:47;82232,3;12,38;9061,2;73171,1
2026.04.13 15:58:47;82279,0;12,45;9107,8;73171,1
2026.04.13 16:05:47;82421,1;12,64;9249,9;73171,1
2026.04.13 16:12:47;82475,5;12,72;9304,4;73171,1
2026.04.13 16:19:47;82510,4;12,76;9339,3;73171,1
2026.04.13 16:26:47;82486,9;12,73;9315,8;73171,1
2026.04.13 16:33:47;82477,3;12,72;9306,1;73171,1
2026.04.13 16:40:47;82521,9;12,78;9350,8;73171,1
2026.04.13 16:47:47;82584,1;12,86;9413,0;73171,1
2026.04.13 16:54:47;82579,6;12,86;9408,5;73171,1
2026.04.13 17:01:47;82615,0;12,91;9443,8;73171,1
2026.04.13 17:08:47;82664,9;12,97;9493,8;73171,1
2026.04.13 17:15:47;82730,5;13,06;9559,3;73171,1
2026.04.13 17:22:47;82692,4;13,01;9521,2;73171,1
2026.04.13 17:29:47;82752,1;13,09;9580,9;73171,1
2026.04.13 17:36:47;82735,5;13,07;9564,4;73171,1
2026.04.13 17:43:47;82688,3;13,01;9517,1;73171,1
2026.04.13 17:50:47;82672,1;12,98;9501,0;73171,1
2026.04.14 09:35:48;83188,7;13,69;10017,6;73171,1
2026.04.14 09:42:48;83253,7;13,78;10082,6;73171,1
2026.04.14 09:49:48;83289,1;13,83;10117,9;73171,1
2026.04.14 09:56:48;83298,9;13,84;10127,7;73171,1
2026.04.14 10:03:48;83291,7;13,83;10120,5;73171,1
2026.04.14 10:10:48;83276,2;13,81;10105,0;73171,1
2026.04.14 10:17:48;83296,7;13,84;10125,5;73171,1
2026.04.14 10:24:48;83334,5;13,89;10163,4;73171,1
2026.04.14 10:31:48;83351,4;13,91;10180,3;73171,1
2026.04.14 10:38:48;83365,0;13,93;10193,8;73171,1
2026.04.14 10:45:48;83385,1;13,96;10214,0;73171,1
2026.04.14 10:52:48;83373,9;13,94;10202,8;73171,1
2026.04.14 10:59:48;83369,3;13,94;10198,1;73171,1
2026.04.14 11:06:48;83386,8;13,96;10215,7;73171,1
2026.04.14 11:13:48;83400,9;13,98;10229,7;73171,1
2026.04.14 11:20:48;83404,2;13,99;10233,0;73171,1
2026.04.14 11:27:48;83393,4;13,97;10222,2;73171,1
2026.04.14 11:34:48;83370,0;13,94;10198,8;73171,1
2026.04.14 11:41:48;83351,6;13,91;10180,5;73171,1
2026.04.14 11:48:48;83325,5;13,88;10154,4;73171,1
2026.04.14 11:55:48;83317,6;13,87;10146,4;73171,1
2026.04.14 12:02:48;83253,2;13,78;10082,0;73171,1
2026.04.14 12:09:48;83236,5;13,76;10065,3;73171,1
2026.04.14 12:16:48;83237,6;13,76;10066,5;73171,1
2026.04.14 12:23:48;83248,3;13,77;10077,1;73171,1
2026.04.14 12:30:48;83231,7;13,75;10060,5;73171,1
2026.04.14 12:37:48;83261,1;13,79;10089,9;73171,1
2026.04.14 12:44:48;83238,1;13,76;10066,9;73171,1
2026.04.14 12:51:48;83214,4;13,73;10043,2;73171,1
2026.04.14 12:58:48;83138,2;13,62;9967,0;73171,1
2026.04.14 13:05:48;83171,7;13,67;10000,6;73171,1
2026.04.14 13:12:48;83167,4;13,66;9996,3;73171,1
2026.04.14 13:19:48;83147,9;13,63;9976,7;73171,1
2026.04.14 13:26:48;83164,5;13,66;9993,3;73171,1
2026.04.14 13:33:48;83172,3;13,67;10001,2;73171,1
2026.04.14 13:40:48;83208,4;13,72;10037,2;73171,1
2026.04.14 13:47:48;83228,5;13,75;10057,4;73171,1
2026.04.14 13:54:48;83246,9;13,77;10075,7;73171,1
2026.04.14 14:01:48;83247,6;13,77;10076,5;73171,1
2026.04.14 14:08:48;83251,5;13,78;10080,3;73171,1
2026.04.14 14:15:49;83329,3;13,88;10158,2;73171,1
2026.04.14 14:22:48;83355,5;13,92;10184,3;73171,1
2026.04.14 14:29:48;83380,1;13,95;10208,9;73171,1
2026.04.14 14:36:48;83359,9;13,92;10188,7;73171,1
2026.04.14 14:43:48;83370,4;13,94;10199,3;73171,1
2026.04.14 14:50:48;83364,0;13,93;10192,9;73171,1
2026.04.14 14:57:48;83352,0;13,91;10180,8;73171,1
2026.04.14 15:04:49;83348,0;13,91;10176,9;73171,1
2026.04.14 15:11:48;83306,3;13,85;10135,2;73171,1
2026.04.14 15:18:48;83304,2;13,85;10133,1;73171,1
2026.04.14 15:25:48;83332,0;13,89;10160,8;73171,1
2026.04.14 15:32:48;83390,3;13,97;10219,1;73171,1
2026.04.14 15:39:48;83406,3;13,99;10235,2;73171,1
2026.04.14 15:46:48;83409,1;13,99;10237,9;73171,1
2026.04.14 15:53:48;83383,5;13,96;10212,4;73171,1
2026.04.14 16:00:48;83434,7;14,03;10263,6;73171,1
2026.04.14 16:07:48;83451,9;14,05;10280,8;73171,1
2026.04.14 16:14:48;83482,1;14,09;10311,0;73171,1
2026.04.14 16:21:48;83449,1;14,05;10278,0;73171,1
2026.04.14 16:28:48;83493,4;14,11;10322,2;73171,1
2026.04.14 16:35:48;83519,4;14,14;10348,3;73171,1
2026.04.14 16:42:51;83514,3;14,14;10343,1;73171,1
2026.04.14 16:49:48;83543,5;14,18;10372,3;73171,1
2026.04.14 16:56:48;83574,8;14,22;10403,6;73171,1
2026.04.14 17:03:48;83618,9;14,28;10447,7;73171,1
2026.04.14 17:10:48;83696,8;14,39;10525,7;73171,1
2026.04.14 17:17:48;83642,5;14,31;10471,4;73171,1
2026.04.14 17:24:48;83572,5;14,22;10401,4;73171,1
2026.04.14 17:31:49;83571,8;14,21;10400,7;73171,1
2026.04.14 17:38:49;83685,9;14,37;10514,7;73171,1
2026.04.14 17:45:48;83736,0;14,44;10564,8;73171,1
2026.04.14 17:52:48;83785,6;14,51;10614,5;73171,1
2026.04.15 09:30:50;83792,0;14,52;10620,8;73171,1
2026.04.15 09:37:50;83792,3;14,52;10621,2;73171,1
2026.04.15 09:44:50;83795,5;14,52;10624,4;73171,1
2026.04.15 09:51:50;83790,7;14,51;10619,6;73171,1
2026.04.15 09:58:50;83826,0;14,56;10654,9;73171,1
2026.04.15 10:05:50;83795,1;14,52;10624,0;73171,1
2026.04.15 10:12:50;83773,6;14,49;10602,5;73171,1
2026.04.15 10:19:50;83762,4;14,47;10591,3;73171,1
2026.04.15 10:26:50;83754,7;14,46;10583,5;73171,1
2026.04.15 10:34:08;83769,6;14,48;10598,5;73171,1
2026.04.15 10:40:50;83786,6;14,51;10615,5;73171,1
2026.04.15 10:47:49;83808,9;14,54;10637,8;73171,1
2026.04.15 10:54:50;83827,8;14,56;10656,7;73171,1
2026.04.15 11:01:50;83828,8;14,57;10657,6;73171,1
2026.04.15 11:08:50;83838,9;14,58;10667,7;73171,1
2026.04.15 11:15:50;83862,1;14,61;10690,9;73171,1
2026.04.15 11:22:50;83801,5;14,53;10630,4;73171,1
2026.04.15 11:29:50;83796,0;14,52;10624,8;73171,1
2026.04.15 11:36:50;83802,6;14,53;10631,5;73171,1
2026.04.15 11:43:50;83745,5;14,45;10574,4;73171,1
2026.04.15 11:50:50;83766,1;14,48;10594,9;73171,1
2026.04.15 11:57:50;83774,4;14,49;10603,3;73171,1
2026.04.15 12:04:50;83757,5;14,47;10586,4;73171,1
2026.04.15 12:11:50;83762,1;14,47;10591,0;73171,1
2026.04.15 12:18:50;83760,6;14,47;10589,4;73171,1
2026.04.15 12:25:50;83791,4;14,51;10620,2;73171,1
2026.04.15 12:32:50;83746,7;14,45;10575,6;73171,1
2026.04.15 12:39:50;83707,7;14,40;10536,6;73171,1
2026.04.15 12:46:50;83665,2;14,34;10494,0;73171,1
2026.04.15 12:53:50;83663,6;14,34;10492,4;73171,1
2026.04.15 13:00:50;83719,0;14,42;10547,8;73171,1
2026.04.15 13:07:50;83740,0;14,44;10568,9;73171,1
2026.04.15 13:14:50;83764,0;14,48;10592,9;73171,1
2026.04.15 13:21:50;83783,4;14,50;10612,2;73171,1
2026.04.15 13:28:50;83836,5;14,58;10665,4;73171,1
2026.04.15 13:35:50;83815,8;14,55;10644,7;73171,1
2026.04.15 13:42:50;83818,8;14,55;10647,6;73171,1
2026.04.15 13:49:50;83842,1;14,58;10671,0;73171,1
2026.04.15 13:56:50;83852,7;14,60;10681,6;73171,1
2026.04.15 14:03:50;83867,1;14,62;10696,0;73171,1
2026.04.15 14:10:50;83856,1;14,60;10684,9;73171,1
2026.04.15 14:17:50;83807,4;14,54;10636,3;73171,1
2026.04.15 14:24:50;83800,6;14,53;10629,5;73171,1
2026.04.15 14:31:50;83750,8;14,46;10579,6;73171,1
2026.04.15 14:38:50;83733,4;14,44;10562,3;73171,1
2026.04.15 14:45:50;83741,3;14,45;10570,2;73171,1
2026.04.15 14:52:50;83762,7;14,48;10591,6;73171,1
2026.04.15 14:59:58;83803,5;14,53;10632,4;73171,1
2026.04.15 15:06:53;83784,3;14,50;10613,2;73171,1
2026.04.15 15:13:55;83783,2;14,50;10612,1;73171,1
2026.04.15 15:21:23;83773,7;14,49;10602,5;73171,1
2026.04.15 15:28:01;83830,1;14,57;10659,0;73171,1
2026.04.15 15:34:50;83828,9;14,57;10657,8;73171,1
2026.04.15 15:41:51;83839,4;14,58;10668,3;73171,1
2026.04.15 15:48:54;83860,7;14,61;10689,5;73171,1
2026.04.15 15:55:50;83929,8;14,70;10758,7;73171,1
2026.04.15 16:03:28;83900,1;14,66;10729,0;73171,1
2026.04.15 16:09:50;83928,0;14,70;10756,8;73171,1
2026.04.15 16:23:50;83901,3;14,66;10730,2;73171,1
2026.04.15 16:30:50;83931,7;14,71;10760,6;73171,1
2026.04.15 16:37:50;83955,0;14,74;10783,8;73171,1
2026.04.15 16:44:50;83998,6;14,80;10827,5;73171,1
2026.04.15 16:51:53;84022,8;14,83;10851,6;73171,1
2026.04.15 16:58:50;84032,4;14,84;10861,3;73171,1
2026.04.15 17:05:50;84043,5;14,86;10872,3;73171,1
2026.04.15 17:12:50;84018,9;14,83;10847,8;73171,1
2026.04.15 17:19:50;84010,2;14,81;10839,1;73171,1
2026.04.15 17:26:50;84000,1;14,80;10828,9;73171,1
2026.04.15 17:33:50;84058,1;14,88;10886,9;73171,1
2026.04.15 17:40:50;84011,3;14,81;10840,1;73171,1
2026.04.15 17:47:50;84031,1;14,84;10859,9;73171,1
2026.04.15 17:54:50;83948,3;14,73;10777,1;73171,1
2026.04.16 09:32:52;84380,6;15,32;11209,4;73171,1
2026.04.16 09:39:51;84391,5;15,33;11220,3;73171,1
2026.04.16 09:46:51;84431,9;15,39;11260,8;73171,1
2026.04.16 09:53:52;84414,7;15,37;11243,5;73171,1
2026.04.16 10:00:52;84400,7;15,35;11229,6;73171,1
2026.04.16 10:07:52;84377,8;15,32;11206,7;73171,1
2026.04.16 10:14:52;84371,1;15,31;11199,9;73171,1
2026.04.16 10:21:52;84369,5;15,30;11198,4;73171,1
2026.04.16 10:28:52;84335,7;15,26;11164,6;73171,1
2026.04.16 10:35:51;84327,7;15,25;11156,5;73171,1
2026.04.16 10:42:51;84307,7;15,22;11136,5;73171,1
2026.04.16 10:49:52;84268,2;15,17;11097,0;73171,1
2026.04.16 10:56:52;84249,8;15,14;11078,6;73171,1
2026.04.16 11:03:51;84263,8;15,16;11092,6;73171,1
2026.04.16 11:10:51;84255,0;15,15;11083,8;73171,1
2026.04.16 11:17:51;84309,5;15,22;11138,4;73171,1
2026.04.16 11:24:52;84357,2;15,29;11186,1;73171,1
2026.04.16 11:31:52;84374,7;15,31;11203,6;73171,1
2026.04.16 11:38:52;84381,3;15,32;11210,2;73171,1
2026.04.16 11:45:51;84378,1;15,32;11206,9;73171,1
2026.04.16 11:52:57;84360,4;15,29;11189,2;73171,1
2026.04.16 11:59:52;84340,3;15,26;11169,2;73171,1
2026.04.16 12:06:52;84341,5;15,27;11170,4;73171,1
2026.04.16 12:13:52;84345,1;15,27;11173,9;73171,1
2026.04.16 12:20:52;84377,5;15,32;11206,4;73171,1
2026.04.16 12:27:51;84355,5;15,29;11184,3;73171,1
2026.04.16 12:34:52;84377,8;15,32;11206,7;73171,1
2026.04.16 12:41:51;84377,0;15,31;11205,8;73171,1
2026.04.16 12:48:51;84307,7;15,22;11136,5;73171,1
2026.04.16 12:55:52;84270,5;15,17;11099,3;73171,1
2026.04.16 13:02:52;84205,6;15,08;11034,5;73171,1
2026.04.16 13:09:52;84203,4;15,08;11032,2;73171,1
2026.04.16 13:16:51;84228,9;15,11;11057,8;73171,1
2026.04.16 13:23:52;84248,7;15,14;11077,5;73171,1
2026.04.16 13:30:52;84277,9;15,18;11106,8;73171,1
2026.04.16 13:37:52;84281,8;15,18;11110,6;73171,1
2026.04.16 13:44:52;84259,2;15,15;11088,0;73171,1
2026.04.16 13:51:52;84300,5;15,21;11129,4;73171,1
2026.04.16 13:58:52;84316,5;15,23;11145,4;73171,1
2026.04.16 14:05:52;84324,5;15,24;11153,4;73171,1
2026.04.16 14:12:52;84324,0;15,24;11152,9;73171,1
2026.04.16 14:19:52;84343,0;15,27;11171,9;73171,1
2026.04.16 14:26:52;84325,2;15,24;11154,1;73171,1
2026.04.16 14:33:51;84269,3;15,17;11098,1;73171,1
2026.04.16 14:40:52;84302,4;15,21;11131,3;73171,1
2026.04.16 14:47:51;84297,3;15,21;11126,2;73171,1
2026.04.16 14:54:52;84301,8;15,21;11130,7;73171,1
2026.04.16 15:01:52;84303,7;15,21;11132,6;73171,1
2026.04.16 15:08:52;84300,2;15,21;11129,0;73171,1
2026.04.16 15:15:51;84300,4;15,21;11129,2;73171,1
2026.04.16 15:22:51;84324,1;15,24;11152,9;73171,1
2026.04.16 15:29:52;84315,9;15,23;11144,8;73171,1
2026.04.16 15:36:52;84312,1;15,23;11140,9;73171,1
2026.04.16 15:43:51;84313,5;15,23;11142,4;73171,1
2026.04.16 15:50:52;84313,2;15,23;11142,1;73171,1
2026.04.16 15:57:52;84257,2;15,15;11086,1;73171,1
2026.04.16 16:04:52;84204,7;15,08;11033,5;73171,1
2026.04.16 16:11:52;83959,9;14,74;10788,8;73171,1
2026.04.16 16:18:52;84061,1;14,88;10889,9;73171,1
2026.04.16 16:25:52;84108,8;14,95;10937,6;73171,1
2026.04.16 16:32:52;84060,8;14,88;10889,7;73171,1
2026.04.16 16:39:52;83975,7;14,77;10804,5;73171,1
2026.04.16 16:46:52;84001,0;14,80;10829,9;73171,1
2026.04.16 16:53:52;84021,9;14,83;10850,7;73171,1
2026.04.16 17:00:52;84040,3;14,85;10869,2;73171,1
2026.04.16 17:07:52;84118,9;14,96;10947,7;73171,1
2026.04.16 17:14:52;84114,1;14,96;10942,9;73171,1
2026.04.16 17:21:52;84150,0;15,00;10978,8;73171,1
2026.04.16 17:28:52;84228,3;15,11;11057,2;73171,1
2026.04.16 17:35:52;84246,3;15,14;11075,2;73171,1
2026.04.16 17:42:52;84235,6;15,12;11064,5;73171,1
2026.04.16 17:49:52;84191,6;15,06;11020,4;73171,1
2026.04.17 09:34:53;83961,6;14,75;10790,5;73171,1
2026.04.17 09:41:53;83968,1;14,76;10797,0;73171,1
2026.04.17 09:48:53;83978,9;14,77;10807,7;73171,1
2026.04.17 09:55:53;84020,0;14,83;10848,9;73171,1
2026.04.17 10:02:53;84021,3;14,83;10850,2;73171,1
2026.04.17 10:09:53;84062,3;14,88;10891,1;73171,1
2026.04.17 10:16:53;84071,2;14,90;10900,1;73171,1
2026.04.17 10:23:53;84090,7;14,92;10919,5;73171,1
2026.04.17 10:30:53;84063,0;14,89;10891,9;73171,1
2026.04.17 10:37:53;84056,6;14,88;10885,4;73171,1
2026.04.17 10:44:53;84067,4;14,89;10896,3;73171,1
2026.04.17 10:51:53;84059,6;14,88;10888,4;73171,1
2026.04.17 10:58:54;84084,2;14,91;10913,0;73171,1
2026.04.17 11:05:53;84094,3;14,93;10923,1;73171,1
2026.04.17 11:12:53;84105,9;14,94;10934,8;73171,1
2026.04.17 11:19:53;84108,6;14,95;10937,5;73171,1
2026.04.17 11:26:53;84114,3;14,96;10943,1;73171,1
2026.04.17 11:33:53;84111,3;14,95;10940,1;73171,1
2026.04.17 11:40:53;84103,9;14,94;10932,7;73171,1
2026.04.17 11:47:53;84118,8;14,96;10947,6;73171,1
2026.04.17 11:54:53;84107,0;14,95;10935,8;73171,1
2026.04.17 12:01:53;84140,7;14,99;10969,6;73171,1
2026.04.17 12:08:53;84182,6;15,05;11011,4;73171,1
2026.04.17 12:15:53;84188,1;15,06;11017,0;73171,1
2026.04.17 12:22:53;84161,1;15,02;10990,0;73171,1
2026.04.17 12:29:53;84154,3;15,01;10983,1;73171,1
2026.04.17 12:36:53;84128,0;14,97;10956,8;73171,1
2026.04.17 12:43:53;84127,7;14,97;10956,5;73171,1
2026.04.17 12:50:53;84132,0;14,98;10960,8;73171,1
2026.04.17 12:57:53;84097,4;14,93;10926,3;73171,1
2026.04.17 13:04:53;84105,5;14,94;10934,4;73171,1
2026.04.17 13:11:53;84102,7;14,94;10931,5;73171,1
2026.04.17 13:18:53;84109,5;14,95;10938,4;73171,1
2026.04.17 13:25:53;84089,7;14,92;10918,5;73171,1
2026.04.17 13:32:53;84047,1;14,86;10875,9;73171,1
2026.04.17 13:39:53;84056,6;14,88;10885,5;73171,1
2026.04.17 13:46:53;84053,9;14,87;10882,7;73171,1
2026.04.17 13:53:53;84065,2;14,89;10894,0;73171,1
2026.04.17 14:00:53;84063,3;14,89;10892,2;73171,1
2026.04.17 14:07:53;84087,9;14,92;10916,8;73171,1
2026.04.17 14:14:53;84100,8;14,94;10929,7;73171,1
2026.04.17 14:21:53;84135,3;14,98;10964,2;73171,1
2026.04.17 14:28:53;84156,1;15,01;10984,9;73171,1
2026.04.17 14:35:53;84159,4;15,02;10988,2;73171,1
2026.04.17 14:42:54;84219,4;15,10;11048,3;73171,1
2026.04.17 14:49:53;84268,7;15,17;11097,6;73171,1
2026.04.17 14:56:53;84277,3;15,18;11106,2;73171,1
2026.04.17 15:03:53;84342,0;15,27;11170,9;73171,1
2026.04.17 15:10:54;84705,7;15,76;11534,6;73171,1
2026.04.17 15:17:53;84696,2;15,75;11525,1;73171,1
2026.04.17 15:24:53;84862,2;15,98;11691,1;73171,1
2026.04.17 15:31:53;84875,5;16,00;11704,4;73171,1
2026.04.17 15:38:53;84825,4;15,93;11654,3;73171,1
2026.04.17 15:45:53;84806,5;15,90;11635,3;73171,1
2026.04.17 15:52:53;84875,3;16,00;11704,2;73171,1
2026.04.17 15:59:53;84858,9;15,97;11687,8;73171,1
2026.04.17 16:06:53;84863,8;15,98;11692,7;73171,1
2026.04.17 16:13:53;84819,1;15,92;11647,9;73171,1
2026.04.17 16:20:53;84837,6;15,94;11666,5;73171,1
2026.04.17 16:27:53;84885,0;16,01;11713,8;73171,1
2026.04.17 16:34:54;84918,7;16,05;11747,6;73171,1
2026.04.17 16:41:53;84947,0;16,09;11775,9;73171,1
2026.04.17 16:48:53;84996,2;16,16;11825,1;73171,1
2026.04.17 16:55:54;85125,2;16,34;11954,0;73171,1
2026.04.17 17:02:53;85148,4;16,37;11977,2;73171,1
2026.04.17 17:09:53;85137,3;16,35;11966,2;73171,1
2026.04.17 17:16:53;85061,0;16,25;11889,9;73171,1
2026.04.17 17:23:53;85011,9;16,18;11840,7;73171,1
2026.04.17 17:32:05;84995,3;16,16;11824,1;73171,1
2026.04.17 17:37:53;84960,0;16,11;11788,8;73171,1
2026.04.17 17:44:54;84995,1;16,16;11823,9;73171,1
2026.04.17 17:51:53;85024,2;16,20;11853,1;73171,1
2026.04.20 09:33:58;85024,2;16,20;11853,1;73171,1
2026.04.20 09:40:57;85024,2;16,20;11853,1;73171,1
2026.04.20 09:47:58;85024,2;16,20;11853,1;73171,1
2026.04.20 09:54:58;85024,2;16,20;11853,1;73171,1
2026.04.20 10:01:57;85024,2;16,20;11853,1;73171,1
2026.04.20 10:08:57;85024,2;16,20;11853,1;73171,1
2026.04.20 10:15:57;85024,2;16,20;11853,1;73171,1
2026.04.20 10:22:58;85024,2;16,20;11853,1;73171,1
2026.04.20 10:29:58;85024,2;16,20;11853,1;73171,1
2026.04.20 10:36:57;85024,2;16,20;11853,1;73171,1
2026.04.20 10:43:58;85024,2;16,20;11853,1;73171,1
2026.04.20 10:50:57;85024,2;16,20;11853,1;73171,1
2026.04.20 10:57:58;85024,2;16,20;11853,1;73171,1
2026.04.20 11:04:57;85024,2;16,20;11853,1;73171,1
2026.04.20 11:11:32;85024,2;16,20;11853,1;73171,1
2026.04.20 11:18:32;85024,2;16,20;11853,1;73171,1
2026.04.20 11:25:31;85024,2;16,20;11853,1;73171,1
2026.04.20 11:32:31;85024,2;16,20;11853,1;73171,1
2026.04.20 11:39:00;84336,6;15,26;11165,4;73171,1
2026.04.20 11:46:00;84352,6;15,28;11181,5;73171,1
2026.04.20 11:53:00;84349,0;15,28;11177,8;73171,1
2026.04.20 12:00:00;84358,1;15,29;11186,9;73171,1
2026.04.20 12:07:00;84370,9;15,31;11199,7;73171,1
2026.04.20 12:14:00;84366,3;15,30;11195,1;73171,1
2026.04.20 12:21:00;84364,8;15,30;11193,7;73171,1
2026.04.20 12:28:00;84401,9;15,35;11230,8;73171,1
2026.04.20 12:35:00;84405,6;15,35;11234,5;73171,1
2026.04.20 12:42:00;84385,0;15,33;11213,8;73171,1
2026.04.20 12:49:00;84346,6;15,27;11175,4;73171,1
2026.04.20 12:56:00;84357,4;15,29;11186,2;73171,1
2026.04.20 13:03:00;84313,8;15,23;11142,7;73171,1
2026.04.20 13:10:00;84309,7;15,22;11138,5;73171,1
2026.04.20 13:17:00;84286,3;15,19;11115,1;73171,1
2026.04.20 13:24:00;84269,2;15,17;11098,0;73171,1
2026.04.20 13:31:00;84253,1;15,15;11081,9;73171,1
2026.04.20 13:38:00;84229,5;15,11;11058,3;73171,1
2026.04.20 13:45:00;84228,9;15,11;11057,7;73171,1
2026.04.20 13:52:00;84229,2;15,11;11058,0;73171,1
2026.04.20 13:59:00;84233,5;15,12;11062,4;73171,1
2026.04.20 14:06:00;84279,0;15,18;11107,8;73171,1
2026.04.20 14:13:00;84269,1;15,17;11098,0;73171,1
2026.04.20 14:20:00;84323,5;15,24;11152,3;73171,1
2026.04.20 14:27:00;84333,9;15,26;11162,7;73171,1
2026.04.20 14:34:00;84341,2;15,27;11170,1;73171,1
2026.04.20 14:41:00;84330,2;15,25;11159,1;73171,1
2026.04.20 14:48:00;84326,1;15,25;11155,0;73171,1
2026.04.20 14:55:00;84316,4;15,23;11145,2;73171,1
2026.04.20 15:02:00;84339,0;15,26;11167,9;73171,1
2026.04.20 15:09:00;84404,2;15,35;11233,0;73171,1
2026.04.20 15:16:00;84369,6;15,30;11198,4;73171,1
2026.04.20 15:23:00;84378,1;15,32;11206,9;73171,1
2026.04.20 15:30:00;84471,7;15,44;11300,6;73171,1
2026.04.20 15:37:00;84495,9;15,48;11324,8;73171,1
2026.04.20 15:44:00;84563,1;15,57;11391,9;73171,1
2026.04.20 15:51:00;84627,6;15,66;11456,4;73171,1
2026.04.20 15:58:00;84590,4;15,61;11419,3;73171,1
2026.04.20 16:05:00;84561,9;15,57;11390,8;73171,1
2026.04.20 16:12:00;84702,9;15,76;11531,8;73171,1
2026.04.20 16:19:00;84651,0;15,69;11479,9;73171,1
2026.04.20 16:26:00;84671,6;15,72;11500,4;73171,1
2026.04.20 16:33:00;84594,4;15,61;11423,3;73171,1
2026.04.20 16:40:00;84591,5;15,61;11420,3;73171,1
2026.04.20 16:47:01;84576,9;15,59;11405,7;73171,1
2026.04.20 16:54:00;84585,9;15,60;11414,7;73171,1
2026.04.20 17:01:00;84505,7;15,49;11334,5;73171,1
2026.04.20 17:08:00;84426,9;15,38;11255,7;73171,1
2026.04.20 17:15:00;84369,2;15,30;11198,1;73171,1
2026.04.20 17:22:00;84313,1;15,23;11141,9;73171,1
2026.04.20 17:29:00;84326,5;15,25;11155,3;73171,1
2026.04.20 17:36:00;84333,2;15,25;11162,0;73171,1
2026.04.20 17:43:00;84463,7;15,43;11292,6;73171,1
2026.04.20 17:50:00;84456,2;15,42;11285,0;73171,1
2026.04.21 09:35:02;84749,1;15,82;11577,9;73171,1
2026.04.21 09:42:02;84777,7;15,86;11606,6;73171,1
2026.04.21 09:49:02;84765,5;15,85;11594,3;73171,1
2026.04.21 09:56:02;84727,9;15,79;11556,7;73171,1
2026.04.21 10:03:02;84756,6;15,83;11585,4;73171,1
2026.04.21 10:10:01;84772,2;15,85;11601,0;73171,1
2026.04.21 10:17:02;84786,0;15,87;11614,8;73171,1
2026.04.21 10:24:02;84743,7;15,82;11572,6;73171,1
2026.04.21 10:31:02;84713,6;15,77;11542,5;73171,1
2026.04.21 10:38:01;84708,9;15,77;11537,7;73171,1
2026.04.21 10:45:02;84730,9;15,80;11559,8;73171,1
2026.04.21 10:52:02;84737,2;15,81;11566,1;73171,1
2026.04.21 10:59:02;84786,8;15,87;11615,6;73171,1
2026.04.21 11:06:02;84807,9;15,90;11636,8;73171,1
2026.04.21 11:13:02;84801,5;15,89;11630,4;73171,1
2026.04.21 11:20:02;84786,5;15,87;11615,4;73171,1
2026.04.21 11:27:02;84784,3;15,87;11613,1;73171,1
2026.04.21 11:34:02;84785,7;15,87;11614,6;73171,1
2026.04.21 11:41:02;84793,7;15,88;11622,5;73171,1
2026.04.21 11:48:02;84816,2;15,91;11645,0;73171,1
2026.04.21 11:55:02;84804,2;15,90;11633,1;73171,1
2026.04.21 12:02:02;84804,8;15,90;11633,7;73171,1
2026.04.21 12:09:02;84834,6;15,94;11663,5;73171,1
2026.04.21 12:16:02;84829,2;15,93;11658,0;73171,1
2026.04.21 12:23:02;84830,5;15,93;11659,4;73171,1
2026.04.21 12:30:02;84835,5;15,94;11664,3;73171,1
2026.04.21 12:37:01;84853,5;15,97;11682,3;73171,1
2026.04.21 12:44:01;84851,5;15,96;11680,4;73171,1
2026.04.21 12:51:02;84864,3;15,98;11693,2;73171,1
2026.04.21 12:58:02;84902,6;16,03;11731,5;73171,1
2026.04.21 13:05:02;84921,1;16,06;11750,0;73171,1
2026.04.21 13:12:02;84950,3;16,10;11779,2;73171,1
2026.04.21 13:19:02;84925,3;16,06;11754,2;73171,1
2026.04.21 13:26:02;84878,8;16,00;11707,7;73171,1
2026.04.21 13:33:02;84859,2;15,97;11688,1;73171,1
2026.04.21 13:40:02;84872,1;15,99;11701,0;73171,1
2026.04.21 13:47:02;84897,3;16,03;11726,1;73171,1
2026.04.21 13:54:02;84910,2;16,04;11739,1;73171,1
2026.04.21 14:01:02;84902,2;16,03;11731,0;73171,1
2026.04.21 14:08:02;84881,4;16,00;11710,3;73171,1
2026.04.21 14:15:02;84826,4;15,93;11655,2;73171,1
2026.04.21 14:22:02;84797,7;15,89;11626,6;73171,1
2026.04.21 14:29:02;84793,8;15,88;11622,6;73171,1
2026.04.21 14:36:03;84739,4;15,81;11568,3;73171,1
2026.04.21 14:43:02;84757,4;15,83;11586,3;73171,1
2026.04.21 14:50:02;84757,5;15,83;11586,3;73171,1
2026.04.21 14:57:02;84721,0;15,78;11549,8;73171,1
2026.04.21 15:04:02;84692,1;15,75;11520,9;73171,1
2026.04.21 15:11:02;84692,2;15,75;11521,1;73171,1
2026.04.21 15:18:02;84672,7;15,72;11501,6;73171,1
2026.04.21 15:25:02;84641,2;15,68;11470,1;73171,1
2026.04.21 15:32:02;84621,9;15,65;11450,8;73171,1
2026.04.21 15:39:02;84623,4;15,65;11452,2;73171,1
2026.04.21 15:46:02;84559,8;15,56;11388,7;73171,1
2026.04.21 15:53:02;84569,8;15,58;11398,7;73171,1
2026.04.21 16:00:02;84575,2;15,59;11404,0;73171,1
2026.04.21 16:07:02;84590,6;15,61;11419,5;73171,1
2026.04.21 16:14:03;84628,5;15,66;11457,4;73171,1
2026.04.21 16:21:02;84609,1;15,63;11438,0;73171,1
2026.04.21 16:28:02;84652,1;15,69;11481,0;73171,1
2026.04.21 16:35:03;84672,5;15,72;11501,4;73171,1
2026.04.21 16:42:02;84647,2;15,68;11476,0;73171,1
2026.04.21 16:49:02;84620,2;15,65;11449,1;73171,1
2026.04.21 16:56:02;84556,8;15,56;11385,6;73171,1
2026.04.21 17:03:02;84491,3;15,47;11320,1;73171,1
2026.04.21 17:10:02;84463,8;15,43;11292,6;73171,1
2026.04.21 17:17:02;84249,8;15,14;11078,7;73171,1
2026.04.21 17:24:02;84219,1;15,10;11048,0;73171,1
2026.04.21 17:31:02;84298,5;15,21;11127,3;73171,1
2026.04.21 17:38:02;84374,9;15,31;11203,7;73171,1
2026.04.21 17:45:02;84204,6;15,08;11033,4;73171,1
2026.04.21 17:52:02;84163,1;15,02;10991,9;73171,1
2026.04.22 09:30:03;84598,8;15,62;11427,7;73171,1
2026.04.22 09:37:03;84528,3;15,52;11357,2;73171,1
2026.04.22 09:44:04;84548,0;15,55;11376,9;73171,1
2026.04.22 09:51:03;84504,2;15,49;11333,1;73171,1
2026.04.22 09:58:03;84485,2;15,46;11314,1;73171,1
2026.04.22 10:05:03;84490,0;15,47;11318,8;73171,1
2026.04.22 10:12:03;84481,6;15,46;11310,4;73171,1
2026.04.22 10:19:03;84487,0;15,46;11315,9;73171,1
2026.04.22 10:26:03;84462,9;15,43;11291,7;73171,1
2026.04.22 10:33:03;84426,4;15,38;11255,2;73171,1
2026.04.22 10:40:03;84377,1;15,31;11205,9;73171,1
2026.04.22 10:47:03;84317,4;15,23;11146,2;73171,1
2026.04.22 10:54:03;84246,0;15,14;11074,8;73171,1
2026.04.22 11:01:03;84274,5;15,17;11103,4;73171,1
2026.04.22 11:08:03;84291,4;15,20;11120,3;73171,1
2026.04.22 11:15:03;84312,1;15,23;11140,9;73171,1
2026.04.22 11:22:03;84357,6;15,29;11186,4;73171,1
2026.04.22 11:29:03;84353,3;15,28;11182,2;73171,1
2026.04.22 11:36:03;84346,3;15,27;11175,2;73171,1
2026.04.22 11:43:03;84371,4;15,31;11200,2;73171,1
2026.04.22 11:50:04;84385,2;15,33;11214,1;73171,1
2026.04.22 11:57:04;84403,0;15,35;11231,8;73171,1
2026.04.22 12:04:04;84420,5;15,37;11249,3;73171,1
2026.04.22 12:11:04;84331,3;15,25;11160,1;73171,1
2026.04.22 12:18:04;84310,9;15,22;11139,8;73171,1
2026.04.22 12:25:04;84268,4;15,17;11097,2;73171,1
2026.04.22 12:32:04;84262,6;15,16;11091,5;73171,1
2026.04.22 12:39:03;84292,6;15,20;11121,4;73171,1
2026.04.22 12:46:04;84293,4;15,20;11122,3;73171,1
2026.04.22 12:53:04;84322,7;15,24;11151,5;73171,1
2026.04.22 13:00:04;84283,0;15,19;11111,9;73171,1
2026.04.22 13:07:03;84279,1;15,18;11108,0;73171,1
2026.04.22 13:14:03;84318,4;15,23;11147,2;73171,1
2026.04.22 13:21:03;84332,8;15,25;11161,7;73171,1
2026.04.22 13:28:04;84309,6;15,22;11138,5;73171,1
2026.04.22 13:35:04;84340,8;15,27;11169,6;73171,1
2026.04.22 13:42:04;84322,1;15,24;11150,9;73171,1
2026.04.22 13:49:04;84346,5;15,27;11175,4;73171,1
2026.04.22 13:56:04;84374,9;15,31;11203,7;73171,1
2026.04.22 14:03:04;84372,6;15,31;11201,4;73171,1
2026.04.22 14:10:03;84411,0;15,36;11239,8;73171,1
2026.04.22 14:17:04;84415,1;15,37;11244,0;73171,1
2026.04.22 14:24:04;84456,3;15,42;11285,2;73171,1
2026.04.22 14:31:04;84514,1;15,50;11342,9;73171,1
2026.04.22 14:38:03;84496,5;15,48;11325,4;73171,1
2026.04.22 14:45:04;84484,9;15,46;11313,7;73171,1
2026.04.22 14:52:04;84508,4;15,49;11337,2;73171,1
2026.04.22 14:59:03;84521,8;15,51;11350,6;73171,1
2026.04.22 15:06:03;84504,9;15,49;11333,8;73171,1
2026.04.22 15:13:17;84462,1;15,43;11290,9;73171,1
2026.04.22 15:20:03;84472,9;15,45;11301,7;73171,1
2026.04.22 15:27:03;84480,1;15,46;11309,0;73171,1
2026.04.22 15:34:03;84477,6;15,45;11306,5;73171,1
2026.04.22 15:41:03;84543,2;15,54;11372,1;73171,1
2026.04.22 15:48:03;84603,8;15,62;11432,7;73171,1
2026.04.22 15:55:03;84532,4;15,53;11361,2;73171,1
2026.04.22 16:02:04;84528,6;15,52;11357,4;73171,1
2026.04.22 16:09:03;84470,8;15,44;11299,7;73171,1
2026.04.22 16:16:03;84483,3;15,46;11312,2;73171,1
2026.04.22 16:23:03;84439,5;15,40;11268,4;73171,1
2026.04.22 16:30:04;84441,1;15,40;11270,0;73171,1
2026.04.22 16:37:03;84582,8;15,60;11411,6;73171,1
2026.04.22 16:44:03;84564,0;15,57;11392,8;73171,1
2026.04.22 16:51:03;84521,5;15,51;11350,3;73171,1
2026.04.22 16:58:04;84548,2;15,55;11377,0;73171,1
2026.04.22 17:05:03;84552,6;15,55;11381,5;73171,1
2026.04.22 17:12:04;84509,3;15,50;11338,1;73171,1
2026.04.22 17:19:04;84520,6;15,51;11349,4;73171,1
2026.04.22 17:26:04;84543,1;15,54;11372,0;73171,1
2026.04.22 17:33:04;84510,2;15,50;11339,0;73171,1
2026.04.22 17:40:04;84510,3;15,50;11339,2;73171,1
2026.04.22 17:47:04;84541,0;15,54;11369,8;73171,1
2026.04.22 17:54:04;84464,4;15,43;11293,3;73171,1
2026.04.23 09:32:05;84376,4;15,31;11205,3;73171,1
2026.04.23 09:39:04;84370,5;15,31;11199,3;73171,1
2026.04.23 09:46:05;84372,9;15,31;11201,8;73171,1
2026.04.23 09:53:05;84336,9;15,26;11165,8;73171,1
2026.04.23 10:00:05;84385,1;15,33;11213,9;73171,1
2026.04.23 10:07:04;84398,5;15,34;11227,3;73171,1
2026.04.23 10:14:04;84376,6;15,31;11205,5;73171,1
2026.04.23 10:21:05;84321,2;15,24;11150,1;73171,1
2026.04.23 10:28:05;84230,3;15,11;11059,2;73171,1
2026.04.23 10:35:05;84251,9;15,14;11080,8;73171,1
2026.04.23 10:42:05;84293,0;15,20;11121,8;73171,1
2026.04.23 10:49:05;84272,0;15,17;11100,8;73171,1
2026.04.23 10:56:05;84239,4;15,13;11068,2;73171,1
2026.04.23 11:03:05;84165,5;15,03;10994,4;73171,1
2026.04.23 11:10:04;84151,3;15,01;10980,1;73171,1
2026.04.23 11:17:05;84114,2;14,96;10943,1;73171,1
2026.04.23 11:24:05;84039,4;14,85;10868,3;73171,1
2026.04.23 11:31:05;84072,2;14,90;10901,1;73171,1
2026.04.23 11:38:05;84138,4;14,99;10967,2;73171,1
2026.04.23 11:45:05;84196,8;15,07;11025,7;73171,1
2026.04.23 11:52:05;84221,0;15,10;11049,8;73171,1
2026.04.23 11:59:05;84225,9;15,11;11054,7;73171,1
2026.04.23 12:06:05;84145,4;15,00;10974,2;73171,1
2026.04.23 12:13:05;84136,0;14,99;10964,8;73171,1
2026.04.23 12:20:05;84121,4;14,97;10950,3;73171,1
2026.04.23 12:27:05;84106,2;14,94;10935,0;73171,1
2026.04.23 12:34:05;84106,9;14,95;10935,7;73171,1
2026.04.23 12:41:05;84131,1;14,98;10959,9;73171,1
2026.04.23 12:48:05;84162,5;15,02;10991,4;73171,1
2026.04.23 12:55:05;84222,6;15,10;11051,5;73171,1
2026.04.23 13:02:05;84226,1;15,11;11055,0;73171,1
2026.04.23 13:09:05;84220,5;15,10;11049,3;73171,1
2026.04.23 13:16:05;84262,7;15,16;11091,5;73171,1
2026.04.23 13:23:05;84266,1;15,16;11095,0;73171,1
2026.04.23 13:30:05;84255,7;15,15;11084,5;73171,1
2026.04.23 13:37:05;84247,4;15,14;11076,3;73171,1
2026.04.23 13:44:05;84257,4;15,15;11086,3;73171,1
2026.04.23 13:51:05;84207,5;15,08;11036,4;73171,1
2026.04.23 13:58:06;84248,8;15,14;11077,7;73171,1
2026.04.23 14:05:05;84320,5;15,24;11149,4;73171,1
2026.04.23 14:12:05;84354,5;15,28;11183,3;73171,1
2026.04.23 14:19:05;84420,5;15,37;11249,4;73171,1
2026.04.23 14:26:05;84461,4;15,43;11290,2;73171,1
2026.04.23 14:33:05;84561,6;15,57;11390,5;73171,1
2026.04.23 14:40:05;84502,6;15,49;11331,5;73171,1
2026.04.23 14:47:05;84512,6;15,50;11341,4;73171,1
2026.04.23 14:54:05;84506,7;15,49;11335,6;73171,1
2026.04.23 15:01:05;84415,7;15,37;11244,6;73171,1
2026.04.23 15:08:05;84467,5;15,44;11296,3;73171,1
2026.04.23 15:15:05;84459,3;15,43;11288,1;73171,1
2026.04.23 15:22:05;84518,8;15,51;11347,7;73171,1
2026.04.23 15:29:05;84526,3;15,52;11355,2;73171,1
2026.04.23 15:36:05;84507,4;15,49;11336,3;73171,1
2026.04.23 15:43:05;84528,0;15,52;11356,9;73171,1
2026.04.23 15:50:05;84534,4;15,53;11363,2;73171,1
2026.04.23 15:57:05;84650,3;15,69;11479,2;73171,1
2026.04.23 16:04:05;84689,6;15,74;11518,4;73171,1
2026.04.23 16:11:05;84680,7;15,73;11509,5;73171,1
2026.04.23 16:18:05;84572,2;15,58;11401,1;73171,1
2026.04.23 16:25:05;84555,6;15,56;11384,5;73171,1
2026.04.23 16:32:05;84549,8;15,55;11378,7;73171,1
2026.04.23 16:39:05;84554,1;15,56;11382,9;73171,1
2026.04.23 16:46:05;84612,2;15,64;11441,1;73171,1
2026.04.23 16:53:05;84685,6;15,74;11514,4;73171,1
2026.04.23 17:00:05;84631,4;15,66;11460,2;73171,1
2026.04.23 17:07:05;84695,6;15,75;11524,4;73171,1
2026.04.23 17:14:05;84789,0;15,88;11617,8;73171,1
2026.04.23 17:21:05;84835,2;15,94;11664,1;73171,1
2026.04.23 17:28:05;84850,5;15,96;11679,3;73171,1
2026.04.23 17:35:05;84852,5;15,96;11681,3;73171,1
2026.04.23 17:42:05;84848,6;15,96;11677,5;73171,1
2026.04.23 17:49:05;84832,7;15,94;11661,6;73171,1
2026.04.24 09:34:07;84565,6;15,57;11394,4;73171,1
2026.04.24 09:41:06;84578,8;15,59;11407,7;73171,1
2026.04.24 09:48:06;84580,3;15,59;11409,2;73171,1
2026.04.24 09:55:06;84529,6;15,52;11358,4;73171,1
2026.04.24 10:02:06;84516,8;15,51;11345,7;73171,1
2026.04.24 10:09:06;84502,6;15,49;11331,4;73171,1
2026.04.24 10:16:07;84522,2;15,51;11351,1;73171,1
2026.04.24 10:23:06;84470,5;15,44;11299,3;73171,1
2026.04.24 10:30:07;84501,7;15,48;11330,5;73171,1
2026.04.24 10:37:07;84610,2;15,63;11439,1;73171,1
2026.04.24 10:44:06;84516,3;15,51;11345,2;73171,1
2026.04.24 10:51:06;84442,1;15,40;11270,9;73171,1
2026.04.24 10:58:07;84450,9;15,42;11279,8;73171,1
2026.04.24 11:05:07;84432,9;15,39;11261,7;73171,1
2026.04.24 11:12:06;84393,1;15,34;11221,9;73171,1
2026.04.24 11:19:07;84411,3;15,36;11240,1;73171,1
2026.04.24 11:26:06;84403,2;15,35;11232,0;73171,1
2026.04.24 11:33:07;84412,2;15,36;11241,0;73171,1
2026.04.24 11:40:06;84360,6;15,29;11189,5;73171,1
2026.04.24 11:47:07;84355,0;15,28;11183,9;73171,1
2026.04.24 11:54:07;84369,2;15,30;11198,0;73171,1
2026.04.24 12:01:07;84392,3;15,34;11221,1;73171,1
2026.04.24 12:08:07;84393,5;15,34;11222,3;73171,1
2026.04.24 12:15:07;84391,0;15,33;11219,9;73171,1
2026.04.24 12:22:06;84397,9;15,34;11226,7;73171,1
2026.04.24 12:29:07;84422,1;15,38;11251,0;73171,1
2026.04.24 12:36:07;84465,9;15,44;11294,8;73171,1
2026.04.24 12:43:06;84486,8;15,46;11315,6;73171,1
2026.04.24 12:50:07;84460,5;15,43;11289,4;73171,1
2026.04.24 12:57:06;84473,5;15,45;11302,3;73171,1
2026.04.24 13:11:06;84454,2;15,42;11283,1;73171,1
2026.04.24 13:18:06;84462,8;15,43;11291,6;73171,1
2026.04.24 13:25:07;84651,6;15,69;11480,4;73171,1
2026.04.24 13:32:07;84765,0;15,84;11593,8;73171,1
2026.04.24 13:39:07;84861,5;15,98;11690,4;73171,1
2026.04.24 13:46:07;84939,5;16,08;11768,3;73171,1
2026.04.24 13:53:07;84898,0;16,03;11726,8;73171,1
2026.04.24 14:00:07;84826,9;15,93;11655,7;73171,1
2026.04.24 14:07:07;84795,2;15,89;11624,1;73171,1
2026.04.24 14:14:06;84786,1;15,87;11615,0;73171,1
2026.04.24 14:21:06;84826,5;15,93;11655,4;73171,1
2026.04.24 14:28:07;84871,9;15,99;11700,8;73171,1
2026.04.24 14:35:07;84847,2;15,96;11676,0;73171,1
2026.04.24 14:42:06;84851,9;15,96;11680,8;73171,1
2026.04.24 14:49:06;84810,6;15,91;11639,5;73171,1
2026.04.24 14:56:06;84737,4;15,81;11566,2;73171,1
2026.04.24 15:03:07;84723,5;15,79;11552,4;73171,1
2026.04.24 15:10:06;84637,1;15,67;11465,9;73171,1
2026.04.24 15:17:07;84661,4;15,70;11490,2;73171,1
2026.04.24 15:24:06;84666,7;15,71;11495,6;73171,1
2026.04.24 15:31:07;84671,5;15,72;11500,4;73171,1
2026.04.24 15:38:06;84668,0;15,71;11496,8;73171,1
2026.04.24 15:45:06;84658,1;15,70;11487,0;73171,1
2026.04.24 15:52:06;84524,5;15,52;11353,4;73171,1
2026.04.24 15:59:06;84547,0;15,55;11375,8;73171,1
2026.04.24 16:06:07;84418,9;15,37;11247,7;73171,1
2026.04.24 16:13:06;84286,2;15,19;11115,0;73171,1
2026.04.24 16:20:07;84211,9;15,09;11040,8;73171,1
2026.04.24 16:27:07;84352,0;15,28;11180,8;73171,1
2026.04.24 16:34:07;84344,7;15,27;11173,6;73171,1
2026.04.24 16:41:07;84334,8;15,26;11163,6;73171,1
2026.04.24 16:48:07;84275,7;15,18;11104,5;73171,1
2026.04.24 16:55:07;84309,6;15,22;11138,5;73171,1
2026.04.24 17:02:07;84385,3;15,33;11214,1;73171,1
2026.04.24 17:09:07;84365,3;15,30;11194,2;73171,1
2026.04.24 17:16:07;84407,7;15,36;11236,6;73171,1
2026.04.24 17:23:07;84446,0;15,41;11274,8;73171,1
2026.04.24 17:30:07;84506,8;15,49;11335,7;73171,1
2026.04.24 17:37:07;84485,9;15,46;11314,8;73171,1
2026.04.24 17:44:07;84485,2;15,46;11314,1;73171,1
2026.04.24 17:51:27;84521,2;15,51;11350,1;73171,1
2026.04.26 07:15:51;85131,6;15,34;11319,8;73811,8
2026.04.27 09:33:30;85197,9;15,43;11386,1;73811,8
2026.04.27 09:40:30;85220,4;15,46;11408,6;73811,8
2026.04.27 09:47:30;85181,8;15,40;11370,0;73811,8
2026.04.27 09:54:30;85161,5;15,38;11349,6;73811,8
2026.04.27 10:01:30;85183,6;15,41;11371,8;73811,8
2026.04.27 10:08:30;85124,5;15,33;11312,6;73811,8
2026.04.27 10:15:30;85084,9;15,27;11273,1;73811,8
2026.04.27 10:22:30;85042,1;15,21;11230,2;73811,8
2026.04.27 10:29:30;85008,8;15,17;11196,9;73811,8
2026.04.27 10:36:30;85001,7;15,16;11189,9;73811,8
2026.04.27 10:43:30;85033,9;15,20;11222,1;73811,8
2026.04.27 10:50:30;85090,5;15,28;11278,7;73811,8
2026.04.27 10:57:30;85077,8;15,26;11266,0;73811,8
2026.04.27 11:04:31;85126,7;15,33;11314,9;73811,8
2026.04.27 11:11:30;85125,4;15,33;11313,6;73811,8
2026.04.27 11:18:31;85126,5;15,33;11314,7;73811,8
2026.04.27 11:25:30;85126,3;15,33;11314,4;73811,8
2026.04.27 11:32:30;85133,7;15,34;11321,8;73811,8
2026.04.27 11:39:31;85133,4;15,34;11321,6;73811,8
2026.04.27 11:46:30;85183,1;15,41;11371,3;73811,8
2026.04.27 11:53:30;85188,0;15,41;11376,2;73811,8
2026.04.27 12:00:31;85192,4;15,42;11380,6;73811,8
2026.04.27 12:07:30;85191,0;15,42;11379,2;73811,8
2026.04.27 12:14:31;85204,4;15,43;11392,6;73811,8
2026.04.27 12:21:30;85226,7;15,46;11414,9;73811,8
2026.04.27 12:28:31;85207,2;15,44;11395,4;73811,8
2026.04.27 12:35:30;85249,5;15,50;11437,7;73811,8
2026.04.27 12:42:30;85246,8;15,49;11434,9;73811,8
2026.04.27 12:49:31;85257,1;15,51;11445,2;73811,8
2026.04.27 12:56:30;85281,9;15,54;11470,0;73811,8
2026.04.27 13:03:30;85317,4;15,59;11505,5;73811,8
2026.04.27 13:10:30;85387,6;15,68;11575,7;73811,8
2026.04.27 13:17:30;85380,0;15,67;11568,1;73811,8
2026.04.27 13:24:30;85396,7;15,70;11584,8;73811,8
2026.04.27 13:31:30;85452,7;15,77;11640,8;73811,8
2026.04.27 13:38:31;85476,0;15,80;11664,2;73811,8
2026.04.27 13:45:31;85486,3;15,82;11674,4;73811,8
2026.04.27 13:52:30;85494,1;15,83;11682,2;73811,8
2026.04.27 13:59:30;85469,2;15,79;11657,3;73811,8
2026.04.27 14:06:31;85466,3;15,79;11654,4;73811,8
2026.04.27 14:13:31;85445,4;15,76;11633,6;73811,8
2026.04.27 14:20:30;85428,1;15,74;11616,3;73811,8
2026.04.27 14:27:31;85401,1;15,70;11589,3;73811,8
2026.04.27 14:34:31;85338,2;15,62;11526,3;73811,8
2026.04.27 14:41:31;85286,7;15,55;11474,9;73811,8
2026.04.27 14:48:31;85242,0;15,49;11430,2;73811,8
2026.04.27 14:55:30;85229,3;15,47;11417,4;73811,8
2026.04.27 15:02:31;85219,1;15,45;11407,2;73811,8
2026.04.27 15:09:31;85215,6;15,45;11403,7;73811,8
2026.04.27 15:16:31;85150,9;15,36;11339,0;73811,8
2026.04.27 15:23:30;85143,0;15,35;11331,1;73811,8
2026.04.27 15:30:30;85113,9;15,31;11302,0;73811,8
2026.04.27 15:37:30;85097,7;15,29;11285,9;73811,8
2026.04.27 15:44:31;85111,8;15,31;11299,9;73811,8
2026.04.27 15:51:30;85120,0;15,32;11308,2;73811,8
2026.04.27 15:58:30;85058,9;15,24;11247,0;73811,8
2026.04.27 16:05:30;84967,8;15,11;11156,0;73811,8
2026.04.27 16:12:31;85081,2;15,27;11269,3;73811,8
2026.04.27 16:19:31;85064,3;15,24;11252,4;73811,8
2026.04.27 16:26:30;84975,9;15,12;11164,0;73811,8
2026.04.27 16:33:31;84977,2;15,13;11165,4;73811,8
2026.04.27 16:40:30;84979,9;15,13;11168,1;73811,8
2026.04.27 16:47:31;84900,1;15,02;11088,2;73811,8
2026.04.27 16:54:30;84970,6;15,12;11158,8;73811,8
2026.04.27 17:01:30;84944,8;15,08;11133,0;73811,8
2026.04.27 17:08:31;84921,4;15,05;11109,5;73811,8
2026.04.27 17:15:31;84901,8;15,02;11089,9;73811,8
2026.04.27 17:22:31;84856,5;14,96;11044,7;73811,8
2026.04.27 17:29:30;84891,4;15,01;11079,6;73811,8
2026.04.27 17:36:31;84871,5;14,98;11059,6;73811,8
2026.04.27 17:43:31;84815,8;14,91;11004,0;73811,8
2026.04.27 17:50:30;84828,6;14,93;11016,7;73811,8
2026.04.28 09:35:31;85277,7;15,53;11465,9;73811,8
2026.04.28 09:42:32;85265,2;15,52;11453,4;73811,8
2026.04.28 09:49:32;85331,3;15,61;11519,4;73811,8
2026.04.28 09:56:32;85324,8;15,60;11513,0;73811,8
2026.04.28 10:03:31;85365,3;15,65;11553,5;73811,8
2026.04.28 10:10:32;85349,6;15,63;11537,7;73811,8
2026.04.28 10:17:32;85301,3;15,57;11489,5;73811,8
2026.04.28 10:24:32;85226,4;15,46;11414,5;73811,8
2026.04.28 10:32:12;85277,7;15,53;11465,9;73811,8
2026.04.28 10:38:32;85295,6;15,56;11483,8;73811,8
2026.04.28 10:45:32;85359,4;15,64;11547,6;73811,8
2026.04.28 10:52:32;85354,0;15,64;11542,2;73811,8
2026.04.28 10:59:32;85379,1;15,67;11567,3;73811,8
2026.04.28 11:06:32;85348,6;15,63;11536,8;73811,8
2026.04.28 11:13:32;85338,5;15,62;11526,7;73811,8
2026.04.28 11:20:32;85323,7;15,60;11511,8;73811,8
2026.04.28 11:27:32;85341,8;15,62;11530,0;73811,8
2026.04.28 11:34:31;85338,2;15,62;11526,3;73811,8
2026.04.28 11:41:32;85316,7;15,59;11504,9;73811,8
2026.04.28 11:48:31;85305,2;15,57;11493,3;73811,8
2026.04.28 11:55:32;85270,3;15,52;11458,5;73811,8
2026.04.28 12:02:32;85244,7;15,49;11432,8;73811,8
2026.04.28 12:09:32;85244,2;15,49;11432,3;73811,8
2026.04.28 12:16:32;85273,8;15,53;11461,9;73811,8
2026.04.28 12:23:32;85246,7;15,49;11434,9;73811,8
2026.04.28 12:30:32;85175,5;15,40;11363,7;73811,8
2026.04.28 12:37:32;85216,4;15,45;11404,5;73811,8
2026.04.28 12:44:32;85192,2;15,42;11380,4;73811,8
2026.04.28 12:51:32;85214,8;15,45;11403,0;73811,8
2026.04.28 12:58:31;85212,8;15,45;11400,9;73811,8
2026.04.28 13:05:31;85189,3;15,41;11377,4;73811,8
2026.04.28 13:12:32;85198,3;15,43;11386,5;73811,8
2026.04.28 13:19:32;85185,8;15,41;11374,0;73811,8
2026.04.28 13:26:31;85046,7;15,22;11234,8;73811,8
2026.04.28 13:33:31;84962,8;15,11;11150,9;73811,8
2026.04.28 13:40:32;84877,6;14,99;11065,8;73811,8
2026.04.28 13:47:32;84773,3;14,85;10961,4;73811,8
2026.04.28 13:54:32;84773,2;14,85;10961,3;73811,8
2026.04.28 14:01:32;84762,7;14,84;10950,9;73811,8
2026.04.28 14:08:32;84660,5;14,70;10848,7;73811,8
2026.04.28 14:15:32;84688,8;14,74;10877,0;73811,8
2026.04.28 14:22:32;84652,6;14,69;10840,8;73811,8
2026.04.28 14:29:31;84658,9;14,70;10847,1;73811,8
2026.04.28 14:36:31;84649,2;14,68;10837,3;73811,8
2026.04.28 14:43:32;84535,3;14,53;10723,4;73811,8
2026.04.28 14:50:32;84551,4;14,55;10739,6;73811,8
2026.04.28 14:57:32;84579,9;14,59;10768,1;73811,8
2026.04.28 15:04:32;84649,1;14,68;10837,2;73811,8
2026.04.28 15:11:32;84716,4;14,77;10904,5;73811,8
2026.04.28 15:18:32;84735,5;14,80;10923,7;73811,8
2026.04.28 15:25:32;84691,6;14,74;10879,7;73811,8
2026.04.28 15:32:32;84667,1;14,71;10855,3;73811,8
2026.04.28 15:39:32;84711,3;14,77;10899,4;73811,8
2026.04.28 15:46:32;84637,6;14,67;10825,7;73811,8
2026.04.28 15:53:32;84778,3;14,86;10966,5;73811,8
2026.04.28 16:00:32;84888,2;15,01;11076,4;73811,8
2026.04.28 16:07:32;84839,2;14,94;11027,3;73811,8
2026.04.28 16:14:32;84741,1;14,81;10929,2;73811,8
2026.04.28 16:21:32;84742,8;14,81;10930,9;73811,8
2026.04.28 16:28:32;84793,7;14,88;10981,9;73811,8
2026.04.28 16:35:32;84727,1;14,79;10915,2;73811,8
2026.04.28 16:42:32;84688,2;14,74;10876,4;73811,8
2026.04.28 16:49:32;84577,8;14,59;10766,0;73811,8
2026.04.28 16:56:32;84422,6;14,38;10610,8;73811,8
2026.04.28 17:03:32;84450,9;14,41;10639,0;73811,8
2026.04.28 17:10:32;84329,0;14,25;10517,1;73811,8
2026.04.28 17:17:32;84516,4;14,50;10704,6;73811,8
2026.04.28 17:24:32;84410,0;14,36;10598,1;73811,8
2026.04.28 17:31:50;84481,3;14,45;10669,4;73811,8
2026.04.28 17:38:32;84440,5;14,40;10628,6;73811,8
2026.04.28 17:45:32;84420,1;14,37;10608,2;73811,8
2026.04.28 17:52:32;84378,0;14,32;10566,2;73811,8
2026.04.29 09:30:33;85062,8;15,24;11251,0;73811,8
2026.04.29 09:37:32;84998,6;15,16;11186,7;73811,8
2026.04.29 09:44:32;85021,4;15,19;11209,6;73811,8
2026.04.29 09:51:33;85036,5;15,21;11224,7;73811,8
2026.04.29 09:58:33;85002,9;15,16;11191,1;73811,8
2026.04.29 10:05:32;84960,7;15,10;11148,8;73811,8
2026.04.29 10:12:33;84953,4;15,09;11141,6;73811,8
2026.04.29 10:19:33;84995,7;15,15;11183,9;73811,8
2026.04.29 10:26:33;84944,1;15,08;11132,2;73811,8
2026.04.29 10:33:33;84885,7;15,00;11073,9;73811,8
2026.04.29 10:40:33;84955,9;15,10;11144,1;73811,8
2026.04.29 10:47:33;84951,4;15,09;11139,6;73811,8
2026.04.29 10:54:33;84900,4;15,02;11088,6;73811,8
2026.04.29 11:01:33;84975,8;15,12;11164,0;73811,8
2026.04.29 11:08:33;84960,2;15,10;11148,4;73811,8
2026.04.29 11:15:33;84960,7;15,10;11148,8;73811,8
2026.04.29 11:22:33;84958,1;15,10;11146,2;73811,8
2026.04.29 11:29:33;85005,4;15,17;11193,6;73811,8
2026.04.29 11:36:33;85007,4;15,17;11195,6;73811,8
2026.04.29 11:43:33;85012,3;15,17;11200,4;73811,8
2026.04.29 11:50:33;85024,2;15,19;11212,3;73811,8
2026.04.29 11:57:33;84988,8;15,14;11177,0;73811,8
2026.04.29 12:04:33;84953,8;15,10;11141,9;73811,8
2026.04.29 12:11:33;84956,1;15,10;11144,2;73811,8
2026.04.29 12:18:33;84950,7;15,09;11138,8;73811,8
2026.04.29 12:25:33;84978,4;15,13;11166,6;73811,8
2026.04.29 12:32:33;85036,3;15,21;11224,4;73811,8
2026.04.29 12:39:33;85136,5;15,34;11324,7;73811,8
2026.04.29 12:46:33;85198,1;15,43;11386,3;73811,8
2026.04.29 12:53:33;85216,1;15,45;11404,2;73811,8
2026.04.29 13:00:33;85179,8;15,40;11368,0;73811,8
2026.04.29 13:07:33;85164,2;15,38;11352,4;73811,8
2026.04.29 13:14:33;85138,5;15,35;11326,7;73811,8
2026.04.29 13:21:33;85138,0;15,34;11326,1;73811,8
2026.04.29 13:28:33;85146,8;15,36;11334,9;73811,8
2026.04.29 13:35:33;85144,0;15,35;11332,1;73811,8
2026.04.29 13:42:33;85143,4;15,35;11331,6;73811,8
2026.04.29 13:49:33;85161,9;15,38;11350,1;73811,8
2026.04.29 13:56:33;85157,9;15,37;11346,1;73811,8
2026.04.29 14:03:33;85133,2;15,34;11321,4;73811,8
2026.04.29 14:10:33;85176,3;15,40;11364,4;73811,8
2026.04.29 14:17:33;85210,7;15,44;11398,9;73811,8
2026.04.29 14:24:33;85225,0;15,46;11413,2;73811,8
2026.04.29 14:31:33;85229,5;15,47;11417,7;73811,8
2026.04.29 14:38:33;85177,1;15,40;11365,3;73811,8
2026.04.29 14:45:43;85154,5;15,37;11342,6;73811,8
2026.04.29 14:52:33;85114,6;15,31;11302,7;73811,8
2026.04.29 14:59:33;85162,0;15,38;11350,2;73811,8
2026.04.29 15:06:33;85147,5;15,36;11335,6;73811,8
2026.04.29 15:13:33;85134,0;15,34;11322,2;73811,8
2026.04.29 15:20:33;85161,4;15,38;11349,6;73811,8
2026.04.29 15:27:33;85236,8;15,48;11425,0;73811,8
2026.04.29 15:34:33;85266,8;15,52;11454,9;73811,8
2026.04.29 15:41:33;85187,4;15,41;11375,5;73811,8
2026.04.29 15:48:33;85062,0;15,24;11250,2;73811,8
2026.04.29 15:55:33;85040,5;15,21;11228,7;73811,8
2026.04.29 16:02:33;84893,3;15,01;11081,4;73811,8
2026.04.29 16:09:33;84859,2;14,97;11047,4;73811,8
2026.04.29 16:16:33;84885,6;15,00;11073,8;73811,8
2026.04.29 16:23:33;84891,2;15,01;11079,3;73811,8
2026.04.29 16:30:33;84932,5;15,07;11120,6;73811,8
2026.04.29 16:37:33;84939,8;15,08;11128,0;73811,8
2026.04.29 16:44:33;85028,3;15,20;11216,4;73811,8
2026.04.29 16:51:33;85012,6;15,17;11200,8;73811,8
2026.04.29 16:58:33;85034,0;15,20;11222,2;73811,8
2026.04.29 17:05:33;85001,7;15,16;11189,8;73811,8
2026.04.29 17:12:33;84952,9;15,09;11141,0;73811,8
2026.04.29 17:19:33;84924,3;15,06;11112,4;73811,8
2026.04.29 17:26:33;84827,9;14,92;11016,0;73811,8
2026.04.29 17:33:33;84845,0;14,95;11033,1;73811,8
2026.04.29 17:40:33;84859,3;14,97;11047,4;73811,8
2026.04.29 17:47:33;84889,2;15,01;11077,4;73811,8
2026.04.29 17:54:33;84889,4;15,01;11077,6;73811,8
2026.04.30 09:32:34;84830,8;14,93;11018,9;73811,8
2026.04.30 09:39:34;84830,3;14,93;11018,4;73811,8
2026.04.30 09:46:35;84977,0;15,13;11165,1;73811,8
2026.04.30 09:53:34;85005,2;15,16;11193,3;73811,8
2026.04.30 10:00:34;85058,2;15,24;11246,4;73811,8
2026.04.30 10:07:34;84990,0;15,14;11178,2;73811,8
2026.04.30 10:14:34;85027,5;15,19;11215,6;73811,8
2026.04.30 10:21:34;85038,7;15,21;11226,9;73811,8
2026.04.30 10:28:35;85044,1;15,22;11232,3;73811,8
2026.04.30 10:35:34;85040,3;15,21;11228,4;73811,8
2026.04.30 10:42:34;85041,5;15,21;11229,6;73811,8
2026.04.30 10:49:34;85094,1;15,29;11282,2;73811,8
2026.04.30 10:56:35;85110,3;15,31;11298,5;73811,8
2026.04.30 11:03:34;85083,4;15,27;11271,6;73811,8
2026.04.30 11:10:34;85081,5;15,27;11269,7;73811,8
2026.04.30 11:17:34;85068,8;15,25;11256,9;73811,8
2026.04.30 11:24:34;85075,5;15,26;11263,7;73811,8
2026.04.30 11:31:34;85064,6;15,25;11252,7;73811,8
2026.04.30 11:38:34;85047,8;15,22;11236,0;73811,8
2026.04.30 11:45:35;85120,0;15,32;11308,1;73811,8
2026.04.30 11:52:34;85204,0;15,43;11392,2;73811,8
2026.04.30 11:59:35;85166,5;15,38;11354,6;73811,8
2026.04.30 12:06:34;85176,3;15,40;11364,4;73811,8
2026.04.30 12:13:34;85143,7;15,35;11331,9;73811,8
2026.04.30 12:20:35;85202,4;15,43;11390,6;73811,8
2026.04.30 12:27:34;85195,9;15,42;11384,1;73811,8
2026.04.30 12:34:34;85207,3;15,44;11395,5;73811,8
2026.04.30 12:41:34;85220,1;15,46;11408,3;73811,8
2026.04.30 12:48:34;85259,9;15,51;11448,1;73811,8
2026.04.30 12:55:34;85188,0;15,41;11376,1;73811,8
2026.04.30 13:02:34;85187,7;15,41;11375,9;73811,8
2026.04.30 13:09:34;85049,3;15,22;11237,4;73811,8
2026.04.30 13:16:34;85081,9;15,27;11270,0;73811,8
2026.04.30 13:23:35;85128,2;15,33;11316,4;73811,8
2026.04.30 13:30:35;85247,7;15,49;11435,8;73811,8
2026.04.30 13:37:35;85287,4;15,55;11475,6;73811,8
2026.04.30 13:44:35;85319,7;15,59;11507,8;73811,8
2026.04.30 13:51:35;85340,5;15,62;11528,7;73811,8
2026.04.30 13:58:35;85321,3;15,59;11509,5;73811,8
2026.04.30 14:05:34;85313,0;15,58;11501,1;73811,8
2026.04.30 14:12:35;85314,4;15,58;11502,6;73811,8
2026.04.30 14:19:35;85346,4;15,63;11534,6;73811,8
2026.04.30 14:26:35;85355,8;15,64;11544,0;73811,8
2026.04.30 14:33:34;85442,2;15,76;11630,3;73811,8
2026.04.30 14:40:34;85504,4;15,84;11692,6;73811,8
2026.04.30 14:47:35;85502,3;15,84;11690,4;73811,8
2026.04.30 14:54:35;85484,1;15,81;11672,3;73811,8
2026.04.30 15:01:34;85483,5;15,81;11671,6;73811,8
2026.04.30 15:08:34;85513,7;15,85;11701,9;73811,8
2026.04.30 15:15:34;85535,0;15,88;11723,1;73811,8
2026.04.30 15:22:35;85530,1;15,88;11718,2;73811,8
2026.04.30 15:29:34;85529,4;15,87;11717,5;73811,8
2026.04.30 15:36:34;85545,4;15,90;11733,5;73811,8
2026.04.30 15:44:11;85539,8;15,89;11727,9;73811,8
2026.04.30 15:50:34;85277,5;15,53;11465,6;73811,8
2026.04.30 15:57:34;85235,3;15,48;11423,5;73811,8
2026.04.30 16:04:34;85253,9;15,50;11442,0;73811,8
2026.04.30 16:11:34;85165,4;15,38;11353,6;73811,8
2026.04.30 16:18:34;85235,6;15,48;11423,8;73811,8
2026.04.30 16:25:35;85077,6;15,26;11265,8;73811,8
2026.04.30 16:32:35;85044,8;15,22;11232,9;73811,8
2026.04.30 16:39:34;85140,5;15,35;11328,6;73811,8
2026.04.30 16:46:34;85199,0;15,43;11387,2;73811,8
2026.04.30 16:53:35;85166,2;15,38;11354,4;73811,8
2026.04.30 17:00:34;85177,9;15,40;11366,0;73811,8
2026.04.30 17:07:34;85270,2;15,52;11458,3;73811,8
2026.04.30 17:14:34;85333,8;15,61;11522,0;73811,8
2026.04.30 17:21:34;85399,7;15,70;11587,8;73811,8
2026.04.30 17:28:35;85430,8;15,74;11618,9;73811,8
2026.04.30 17:35:35;85402,6;15,70;11590,7;73811,8
2026.04.30 17:42:34;85398,1;15,70;11586,3;73811,8
2026.04.30 17:49:35;85452,0;15,77;11640,1;73811,8
2026.05.01 09:34:35;85418,8;15,73;11606,9;73811,8
2026.05.01 09:41:35;85418,8;15,73;11606,9;73811,8
2026.05.01 09:48:35;85418,8;15,73;11606,9;73811,8
2026.05.01 09:55:36;85418,8;15,73;11606,9;73811,8
2026.05.01 10:03:03;85418,8;15,73;11606,9;73811,8
2026.05.01 10:09:35;85418,8;15,73;11606,9;73811,8
2026.05.01 10:16:35;85418,8;15,73;11606,9;73811,8
2026.05.01 10:23:36;85418,8;15,73;11606,9;73811,8
2026.05.01 10:30:36;85418,8;15,73;11606,9;73811,8
2026.05.01 10:37:36;85418,8;15,73;11606,9;73811,8
2026.05.01 10:44:36;85418,8;15,73;11606,9;73811,8
2026.05.01 10:51:36;85418,8;15,73;11606,9;73811,8
2026.05.01 10:58:36;85418,8;15,73;11606,9;73811,8
2026.05.01 11:05:35;85418,8;15,73;11606,9;73811,8
2026.05.01 11:12:36;85418,8;15,73;11606,9;73811,8
2026.05.01 11:19:35;85418,8;15,73;11606,9;73811,8
2026.05.01 11:26:42;85418,8;15,73;11606,9;73811,8
2026.05.01 11:33:36;85418,8;15,73;11606,9;73811,8
2026.05.01 11:40:35;85418,8;15,73;11606,9;73811,8
2026.05.01 11:47:36;85418,8;15,73;11606,9;73811,8
2026.05.01 11:54:36;85418,8;15,73;11606,9;73811,8
2026.05.01 12:01:35;85418,8;15,73;11606,9;73811,8
2026.05.01 12:08:35;85418,8;15,73;11606,9;73811,8
2026.05.01 12:15:36;85418,8;15,73;11606,9;73811,8
2026.05.01 12:22:35;85418,8;15,73;11606,9;73811,8
2026.05.01 12:29:36;85418,8;15,73;11606,9;73811,8
2026.05.01 12:36:36;85418,8;15,73;11606,9;73811,8
2026.05.01 12:43:36;85418,8;15,73;11606,9;73811,8
2026.05.01 12:50:36;85418,8;15,73;11606,9;73811,8
2026.05.01 12:57:35;85418,8;15,73;11606,9;73811,8
2026.05.01 13:04:35;85418,8;15,73;11606,9;73811,8
2026.05.01 13:11:35;85418,8;15,73;11606,9;73811,8
2026.05.01 13:18:35;85418,8;15,73;11606,9;73811,8
2026.05.01 13:25:35;85418,8;15,73;11606,9;73811,8
2026.05.01 13:32:35;85418,8;15,73;11606,9;73811,8
2026.05.01 13:39:35;85418,8;15,73;11606,9;73811,8
2026.05.01 13:46:36;85418,8;15,73;11606,9;73811,8
2026.05.01 13:53:36;85418,8;15,73;11606,9;73811,8
2026.05.01 14:00:36;85418,8;15,73;11606,9;73811,8
2026.05.01 14:07:36;85418,8;15,73;11606,9;73811,8
2026.05.01 14:14:36;85418,8;15,73;11606,9;73811,8
2026.05.01 14:21:36;85418,8;15,73;11606,9;73811,8
2026.05.01 14:28:36;85418,8;15,73;11606,9;73811,8
2026.05.01 14:35:36;85418,8;15,73;11606,9;73811,8
2026.05.01 14:42:36;85418,8;15,73;11606,9;73811,8
2026.05.01 14:49:36;85418,8;15,73;11606,9;73811,8
2026.05.01 14:56:36;85418,8;15,73;11606,9;73811,8
2026.05.01 15:03:36;85418,8;15,73;11606,9;73811,8
2026.05.01 15:10:35;85418,8;15,73;11606,9;73811,8
2026.05.01 15:17:35;85418,8;15,73;11606,9;73811,8
2026.05.01 15:24:35;85418,8;15,73;11606,9;73811,8
2026.05.01 15:31:35;85418,8;15,73;11606,9;73811,8
2026.05.01 15:38:35;85418,8;15,73;11606,9;73811,8
2026.05.01 15:45:36;85418,8;15,73;11606,9;73811,8
2026.05.01 15:52:36;85418,8;15,73;11606,9;73811,8
2026.05.01 15:59:35;85418,8;15,73;11606,9;73811,8
2026.05.01 16:06:35;85418,8;15,73;11606,9;73811,8
2026.05.01 16:13:36;85418,8;15,73;11606,9;73811,8
2026.05.01 16:20:36;85418,8;15,73;11606,9;73811,8
2026.05.01 16:27:36;85418,8;15,73;11606,9;73811,8
2026.05.01 16:34:35;85418,8;15,73;11606,9;73811,8
2026.05.01 16:41:35;85418,8;15,73;11606,9;73811,8
2026.05.01 16:48:36;85418,8;15,73;11606,9;73811,8
2026.05.01 16:55:35;85418,8;15,73;11606,9;73811,8
2026.05.01 17:02:35;85418,8;15,73;11606,9;73811,8
2026.05.01 17:09:35;85418,8;15,73;11606,9;73811,8
2026.05.01 17:16:36;85418,8;15,73;11606,9;73811,8
2026.05.01 17:23:36;85418,8;15,73;11606,9;73811,8
2026.05.01 17:30:36;85418,8;15,73;11606,9;73811,8
2026.05.01 17:37:36;85418,8;15,73;11606,9;73811,8
2026.05.01 17:44:35;85418,8;15,73;11606,9;73811,8
2026.05.01 17:51:35;85418,8;15,73;11606,9;73811,8
2026.05.04 09:33:39;86517,2;17,21;12705,4;73811,8
2026.05.04 09:40:39;86390,1;17,04;12578,3;73811,8
2026.05.04 09:47:39;86406,8;17,06;12594,9;73811,8
2026.05.04 09:54:39;86400,9;17,06;12589,1;73811,8
2026.05.04 10:01:39;86450,5;17,12;12638,6;73811,8
2026.05.04 10:08:39;86438,0;17,11;12626,2;73811,8
2026.05.04 10:15:39;86380,2;17,03;12568,4;73811,8
2026.05.04 10:22:39;86301,8;16,92;12489,9;73811,8
2026.05.04 10:29:39;86276,2;16,89;12464,3;73811,8
2026.05.04 10:36:39;86225,8;16,82;12414,0;73811,8
2026.05.04 10:43:39;86246,4;16,85;12434,5;73811,8
2026.05.04 10:50:39;86223,5;16,82;12411,6;73811,8
2026.05.04 10:57:39;86200,7;16,78;12388,9;73811,8
2026.05.04 11:04:39;86191,3;16,77;12379,4;73811,8
2026.05.04 11:11:39;86152,8;16,72;12341,0;73811,8
2026.05.04 11:18:39;86192,9;16,77;12381,0;73811,8
2026.05.04 11:25:39;86205,6;16,79;12393,7;73811,8
2026.05.04 11:32:39;86221,4;16,81;12409,6;73811,8
2026.05.04 11:39:39;86228,7;16,82;12416,8;73811,8
2026.05.04 11:46:39;86263,0;16,87;12451,1;73811,8
2026.05.04 11:53:39;86290,5;16,91;12478,7;73811,8
2026.05.04 12:00:39;86285,7;16,90;12473,8;73811,8
2026.05.04 12:07:39;86309,8;16,93;12497,9;73811,8
2026.05.04 12:14:39;86279,4;16,89;12467,5;73811,8
2026.05.04 12:21:39;85745,9;16,17;11934,0;73811,8
2026.05.04 12:28:39;85595,8;15,96;11783,9;73811,8
2026.05.04 12:35:39;85560,9;15,92;11749,1;73811,8
2026.05.04 12:42:39;85663,9;16,06;11852,1;73811,8
2026.05.04 12:49:39;85872,8;16,34;12061,0;73811,8
2026.05.04 12:56:39;85914,1;16,40;12102,3;73811,8
2026.05.04 13:03:40;85942,2;16,43;12130,4;73811,8
2026.05.04 13:10:39;85940,0;16,43;12128,2;73811,8
2026.05.04 13:17:39;85966,0;16,47;12154,2;73811,8
2026.05.04 13:24:39;85929,4;16,42;12117,6;73811,8
2026.05.04 13:31:39;85998,0;16,51;12186,1;73811,8
2026.05.04 13:38:39;85978,5;16,48;12166,7;73811,8
2026.05.04 13:45:39;85964,9;16,46;12153,1;73811,8
2026.05.04 13:52:39;85937,8;16,43;12126,0;73811,8
2026.05.04 13:59:39;85943,9;16,44;12132,1;73811,8
2026.05.04 14:06:39;85990,0;16,50;12178,1;73811,8
2026.05.04 14:13:39;86075,8;16,62;12263,9;73811,8
2026.05.04 14:20:39;86091,6;16,64;12279,8;73811,8
2026.05.04 14:27:39;86063,6;16,60;12251,8;73811,8
2026.05.04 14:34:39;86074,7;16,61;12262,9;73811,8
2026.05.04 14:35:47;86080,1;16,62;12268,3;73811,8
2026.05.04 14:42:47;90022,5;15,95;12384,7;77637,8
2026.05.04 14:49:46;89997,9;15,92;12360,1;77637,8
2026.05.04 14:58:17;90013,5;15,94;12375,7;77637,8
2026.05.04 15:03:47;90027,5;15,96;12389,7;77637,8
2026.05.04 15:10:47;90004,3;15,93;12366,5;77637,8
2026.05.04 15:17:46;89913,9;15,81;12276,1;77637,8
2026.05.04 15:24:47;89928,9;15,83;12291,1;77637,8
2026.05.04 15:31:47;89960,1;15,87;12322,3;77637,8
2026.05.04 15:38:46;89964,8;15,88;12327,0;77637,8
2026.05.04 15:45:46;89942,8;15,85;12305,0;77637,8
2026.05.04 15:52:47;89888,3;15,78;12250,5;77637,8
2026.05.04 15:59:46;89884,6;15,77;12246,8;77637,8
2026.05.04 16:06:46;89867,5;15,75;12229,7;77637,8
2026.05.04 16:13:46;89894,0;15,79;12256,2;77637,8
2026.05.04 16:22:05;89886,3;15,78;12248,5;77637,8
2026.05.04 16:27:46;89890,2;15,78;12252,4;77637,8
2026.05.04 16:34:47;89962,2;15,87;12324,4;77637,8
2026.05.04 16:41:47;90024,3;15,95;12386,5;77637,8
2026.05.04 16:48:46;90005,1;15,93;12367,3;77637,8
2026.05.04 16:55:47;90075,7;16,02;12437,9;77637,8
2026.05.04 17:02:46;90114,1;16,07;12476,3;77637,8
2026.05.04 17:09:47;90085,3;16,03;12447,5;77637,8
2026.05.04 17:16:47;89915,4;15,81;12277,6;77637,8
2026.05.04 17:23:47;89924,7;15,83;12286,9;77637,8
2026.05.04 17:30:47;89879,5;15,77;12241,7;77637,8
2026.05.04 17:37:47;89582,4;15,38;11944,6;77637,8
2026.05.04 17:44:46;89699,9;15,54;12062,1;77637,8
2026.05.04 17:51:46;89413,7;15,17;11775,9;77637,8
2026.05.05 09:37:34;89996,3;15,92;12358,5;77637,8
2026.05.05 09:43:48;89969,3;15,88;12331,5;77637,8
2026.05.05 09:50:47;90003,0;15,93;12365,2;77637,8
2026.05.05 09:57:47;90113,0;16,07;12475,2;77637,8
2026.05.05 10:04:48;90077,5;16,02;12439,7;77637,8
2026.05.05 10:11:48;90075,3;16,02;12437,5;77637,8
2026.05.05 10:18:48;90095,5;16,05;12457,6;77637,8
2026.05.05 10:25:47;90128,3;16,09;12490,5;77637,8
2026.05.05 10:32:48;90192,5;16,17;12554,7;77637,8
2026.05.05 10:39:48;90223,8;16,21;12586,0;77637,8
2026.05.05 10:46:48;90274,1;16,28;12636,3;77637,8
2026.05.05 10:53:47;90311,1;16,32;12673,3;77637,8
2026.05.05 11:00:48;90313,7;16,33;12675,8;77637,8
2026.05.05 11:07:48;90314,7;16,33;12676,9;77637,8
2026.05.05 11:14:48;90335,7;16,36;12697,9;77637,8
2026.05.05 11:21:47;90305,7;16,32;12667,9;77637,8
2026.05.05 11:28:48;90316,9;16,33;12679,0;77637,8
2026.05.05 11:35:48;90331,6;16,35;12693,8;77637,8
2026.05.05 11:42:48;90337,6;16,36;12699,8;77637,8
2026.05.05 11:49:47;90373,0;16,40;12735,2;77637,8
2026.05.05 11:56:48;90369,6;16,40;12731,8;77637,8
2026.05.05 12:03:48;90376,8;16,41;12739,0;77637,8
2026.05.05 12:10:48;90375,3;16,41;12737,5;77637,8
2026.05.05 12:17:48;90378,1;16,41;12740,3;77637,8
2026.05.05 12:24:47;90415,1;16,46;12777,2;77637,8
2026.05.05 12:33:19;90398,0;16,44;12760,2;77637,8
2026.05.05 12:38:48;90394,6;16,43;12756,8;77637,8
2026.05.05 12:45:48;90387,1;16,42;12749,3;77637,8
2026.05.05 12:52:47;90464,6;16,52;12826,8;77637,8
2026.05.05 12:59:48;90422,9;16,47;12785,1;77637,8
2026.05.05 13:06:48;90409,9;16,45;12772,1;77637,8
2026.05.05 13:13:48;90432,4;16,48;12794,6;77637,8
2026.05.05 13:20:48;90365,5;16,39;12727,7;77637,8
2026.05.05 13:27:48;90382,3;16,42;12744,5;77637,8
2026.05.05 13:34:48;90334,7;16,35;12696,9;77637,8
2026.05.05 13:41:48;90345,7;16,37;12707,9;77637,8
2026.05.05 13:48:48;90392,6;16,43;12754,8;77637,8
2026.05.05 13:55:48;90447,6;16,50;12809,8;77637,8
2026.05.05 14:02:48;90438,8;16,49;12801,0;77637,8
2026.05.05 14:09:48;90405,0;16,44;12767,2;77637,8
2026.05.05 14:16:48;90395,9;16,43;12758,1;77637,8
2026.05.05 14:23:48;90412,2;16,45;12774,4;77637,8
2026.05.05 14:30:48;90535,2;16,61;12897,4;77637,8
2026.05.05 14:37:48;90555,1;16,64;12917,3;77637,8
2026.05.05 14:44:48;90596,9;16,69;12959,1;77637,8
2026.05.05 14:51:48;90568,4;16,66;12930,6;77637,8
2026.05.05 14:58:48;90565,5;16,65;12927,7;77637,8
2026.05.05 15:05:48;90560,0;16,64;12922,2;77637,8
2026.05.05 15:12:48;90542,2;16,62;12904,4;77637,8
2026.05.05 15:19:48;90560,2;16,64;12922,4;77637,8
2026.05.05 15:26:48;90596,4;16,69;12958,6;77637,8
2026.05.05 15:33:48;90583,0;16,67;12945,2;77637,8
2026.05.05 15:40:48;90571,0;16,66;12933,2;77637,8
2026.05.05 15:47:48;90516,3;16,59;12878,5;77637,8
2026.05.05 15:54:48;90517,5;16,59;12879,7;77637,8
2026.05.05 16:01:48;90494,3;16,56;12856,5;77637,8
2026.05.05 16:08:48;90353,0;16,38;12715,2;77637,8
2026.05.05 16:15:48;90342,3;16,36;12704,5;77637,8
2026.05.05 16:22:48;90348,5;16,37;12710,7;77637,8
2026.05.05 16:29:48;90309,7;16,32;12671,9;77637,8
2026.05.05 16:36:48;90281,3;16,29;12643,5;77637,8
2026.05.05 16:43:48;90463,1;16,52;12825,2;77637,8
2026.05.05 16:50:48;90395,3;16,43;12757,5;77637,8
2026.05.05 16:57:48;90414,0;16,46;12776,2;77637,8
2026.05.05 17:04:48;90370,2;16,40;12732,4;77637,8
2026.05.05 17:11:48;90374,9;16,41;12737,1;77637,8
2026.05.05 17:17:54;90392,6;16,43;12754,8;77637,8
2026.05.05 17:24:53;90471,3;16,53;12833,5;77637,8
2026.05.05 17:31:54;90555,6;16,64;12917,8;77637,8
2026.05.05 17:38:54;90595,8;16,69;12958,0;77637,8
2026.05.05 17:45:54;90647,2;16,76;13009,4;77637,8
2026.05.05 17:52:54;90646,2;16,76;13008,4;77637,8
2026.05.06 09:30:55;91436,8;17,77;13799,0;77637,8
2026.05.06 09:37:55;91410,3;17,74;13772,5;77637,8
2026.05.06 09:44:55;91402,6;17,73;13764,8;77637,8
2026.05.06 09:51:55;91397,6;17,72;13759,8;77637,8
2026.05.06 09:58:54;91443,4;17,78;13805,6;77637,8
2026.05.06 10:05:55;91481,7;17,83;13843,9;77637,8
2026.05.06 10:12:55;91518,5;17,88;13880,7;77637,8
2026.05.06 10:19:55;91533,9;17,90;13896,1;77637,8
2026.05.06 10:26:54;91547,2;17,92;13909,4;77637,8
2026.05.06 10:33:55;91526,6;17,89;13888,8;77637,8
2026.05.06 10:40:55;91518,7;17,88;13880,9;77637,8
2026.05.06 10:47:55;91502,6;17,86;13864,8;77637,8
2026.05.06 10:54:55;91549,9;17,92;13912,1;77637,8
2026.05.06 11:01:55;91610,2;18,00;13972,4;77637,8
2026.05.06 11:08:55;91906,2;18,38;14268,4;77637,8
2026.05.06 11:15:55;92043,6;18,56;14405,8;77637,8
2026.05.06 11:22:54;91889,3;18,36;14251,5;77637,8
2026.05.06 11:29:54;91892,8;18,36;14255,0;77637,8
2026.05.06 11:36:55;91999,1;18,50;14361,3;77637,8
2026.05.06 11:43:54;91948,9;18,43;14311,1;77637,8
2026.05.06 11:50:55;92003,5;18,50;14365,7;77637,8
2026.05.06 11:57:54;92013,0;18,52;14375,2;77637,8
2026.05.06 12:04:55;91979,9;18,47;14342,1;77637,8
2026.05.06 12:11:55;92006,5;18,51;14368,7;77637,8
2026.05.06 12:18:55;92027,4;18,53;14389,6;77637,8
2026.05.06 12:25:55;92045,4;18,56;14407,6;77637,8
2026.05.06 12:32:55;92057,6;18,57;14419,8;77637,8
2026.05.06 12:39:55;92067,8;18,59;14430,0;77637,8
2026.05.06 12:46:55;92108,2;18,64;14470,4;77637,8
2026.05.06 12:53:55;92104,0;18,63;14466,2;77637,8
2026.05.06 13:00:55;92152,0;18,69;14514,2;77637,8
2026.05.06 13:07:55;92162,5;18,71;14524,7;77637,8
2026.05.06 13:14:54;92235,9;18,80;14598,1;77637,8
2026.05.06 13:21:55;92284,0;18,86;14646,2;77637,8
2026.05.06 13:28:55;92373,2;18,98;14735,4;77637,8
2026.05.06 13:35:55;92420,0;19,04;14782,2;77637,8
2026.05.06 13:42:54;92376,5;18,98;14738,7;77637,8
2026.05.06 13:49:55;92381,1;18,99;14743,3;77637,8
2026.05.06 13:56:55;92361,2;18,96;14723,4;77637,8
2026.05.06 14:03:54;92219,2;18,78;14581,4;77637,8
2026.05.06 14:10:55;92264,5;18,84;14626,7;77637,8
2026.05.06 14:17:55;92212,6;18,77;14574,8;77637,8
2026.05.06 14:24:55;92128,3;18,66;14490,5;77637,8
2026.05.06 14:31:54;92010,2;18,51;14372,4;77637,8
2026.05.06 14:38:55;92004,1;18,50;14366,3;77637,8
2026.05.06 14:45:55;92007,5;18,51;14369,7;77637,8
2026.05.06 14:52:56;91956,7;18,44;14318,9;77637,8
2026.05.06 14:59:55;91903,3;18,37;14265,5;77637,8
2026.05.06 15:06:55;91900,5;18,37;14262,7;77637,8
2026.05.06 15:13:55;91923,7;18,40;14285,9;77637,8
2026.05.06 15:20:55;91887,4;18,35;14249,6;77637,8
2026.05.06 15:27:54;91809,7;18,25;14171,9;77637,8
2026.05.06 15:35:07;91832,8;18,28;14195,0;77637,8
2026.05.06 15:41:54;91840,7;18,29;14202,9;77637,8
2026.05.06 15:48:54;91804,8;18,25;14167,0;77637,8
2026.05.06 15:55:54;91901,4;18,37;14263,6;77637,8
2026.05.06 16:02:54;91839,1;18,29;14201,3;77637,8
2026.05.06 16:09:54;91912,8;18,39;14275,0;77637,8
2026.05.06 16:16:55;91946,3;18,43;14308,5;77637,8
2026.05.06 16:23:55;91869,2;18,33;14231,4;77637,8
2026.05.06 16:30:55;91994,2;18,49;14356,4;77637,8
2026.05.06 16:37:55;91929,7;18,41;14291,9;77637,8
2026.05.06 16:44:55;91935,1;18,42;14297,3;77637,8
2026.05.06 16:51:55;92075,3;18,60;14437,5;77637,8
2026.05.06 16:58:55;92124,7;18,66;14486,9;77637,8
2026.05.06 17:05:55;92128,1;18,66;14490,3;77637,8
2026.05.06 17:12:55;92154,2;18,70;14516,4;77637,8
2026.05.06 17:19:55;92136,5;18,67;14498,7;77637,8
2026.05.06 17:26:55;92135,7;18,67;14497,9;77637,8
2026.05.06 17:33:54;92283,9;18,86;14646,1;77637,8
2026.05.06 17:40:55;92348,5;18,95;14710,6;77637,8
2026.05.06 17:47:55;92380,1;18,99;14742,3;77637,8
2026.05.06 17:54:55;92340,8;18,94;14703,0;77637,8
